Orig Order,GeoType,Borough,GeoID,BCT2020,Name,CD Type,NTA Type,Hsp_10,Hsp_10P,WNH_10,WNH_10P,BNH_10,BNH_10P,ANH_10,ANH_10P,ONH_10,ONH_10P,NH2pl_10,NH2pl_10P,Hsp_20,Hsp_20P,WNH_20,WNH_20P,BNH_20,BNH_20P,ANH_20,ANH_20P,ONH_20,ONH_20P,NH2pl_20,NH2pl_20P,Hsp_Ch,Hsp_PCh,WNH_Ch,WNH_PCh,BNH_Ch,BNH_PCh,ANH_Ch,ANH_PCh,ONH_Ch,ONH_PCh,NH2pl_Ch,NH2pl_PCh,project_count,within_5_years,from_5_to_10_years,after_10_years,NTA2020,nta2020,hdb_2010_2020
78,NTA2020,Brooklyn,BK0101,,Greenpoint,,0.0,5099,14.7,26691,76.9,433,1.2,1689,4.9,219,0.6,588,1.7,6007,15.4,27496,70.5,1025,2.6,2477,6.4,339,0.9,1636,4.2,908,17.8,805,3.0,592,136.7,788,46.7,120,54.8,1048,178.2,329.0,4580.0,2128.0,500.0,BK0101,BK0101,3973.0
79,NTA2020,Brooklyn,BK0102,,Williamsburg,,0.0,17268,37.7,23968,52.4,1393,3.0,2227,4.9,259,0.6,659,1.4,17012,26.4,36709,57.0,2340,3.6,4974,7.7,762,1.2,2647,4.1,-256,-1.5,12741,53.2,947,68.0,2747,123.3,503,194.2,1988,301.7,492.0,2074.0,3131.0,0.0,BK0102,BK0102,12477.0
80,NTA2020,Brooklyn,BK0103,,South Williamsburg,,0.0,4277,10.1,36670,86.8,913,2.2,77,0.2,115,0.3,189,0.4,4135,8.7,39714,83.3,1217,2.6,363,0.8,1329,2.8,945,2.0,-142,-3.3,3044,8.3,304,33.3,286,371.4,1214,1055.7,756,400.0,174.0,1630.0,773.0,0.0,BK0103,BK0103,1203.0
81,NTA2020,Brooklyn,BK0104,,East Williamsburg,,0.0,20364,40.4,17982,35.7,6243,12.4,4718,9.4,266,0.5,776,1.5,18322,34.6,20363,38.4,6110,11.5,5817,11.0,526,1.0,1860,3.5,-2042,-10.0,2381,13.2,-133,-2.1,1099,23.3,260,97.7,1084,139.7,475.0,2192.0,36.0,0.0,BK0104,BK0104,3330.0
82,NTA2020,Brooklyn,BK0201,,Brooklyn Heights,,0.0,1675,7.3,17210,75.2,1259,5.5,2003,8.8,122,0.5,618,2.7,1961,7.8,18446,73.5,886,3.5,2282,9.1,161,0.6,1356,5.4,286,17.1,1236,7.2,-373,-29.6,279,13.9,39,32.0,738,119.4,48.0,249.0,253.0,0.0,BK0201,BK0201,658.0
83,NTA2020,Brooklyn,BK0202,,Downtown Brooklyn-DUMBO-Boerum Hill,,0.0,4381,17.8,11771,47.8,5099,20.7,2497,10.1,154,0.6,703,2.9,5576,13.6,19213,46.9,5905,14.4,7606,18.6,394,1.0,2274,5.6,1195,27.3,7442,63.2,806,15.8,5109,204.6,240,155.8,1571,223.5,190.0,4118.0,1972.0,176.0,BK0202,BK0202,9427.0
84,NTA2020,Brooklyn,BK0203,,Fort Greene,,0.0,4828,18.3,7497,28.4,11108,42.1,1924,7.3,164,0.6,878,3.3,5605,17.0,11355,34.5,9896,30.0,3916,11.9,382,1.2,1784,5.4,777,16.1,3858,51.5,-1212,-10.9,1992,103.5,218,132.9,906,103.2,127.0,1356.0,5035.0,400.0,BK0203,BK0203,3553.0
85,NTA2020,Brooklyn,BK0204,,Clinton Hill,,0.0,2973,12.4,9031,37.6,9606,40.0,1363,5.7,170,0.7,871,3.6,3464,12.1,12845,44.8,7574,26.4,2714,9.5,417,1.5,1633,5.7,491,16.5,3814,42.2,-2032,-21.2,1351,99.1,247,145.3,762,87.5,200.0,1039.0,629.0,0.0,BK0204,BK0204,2180.0
86,NTA2020,Brooklyn,BK0261,,Brooklyn Navy Yard,,6.0,0,,7,100.0,0,,0,,0,,0,,4,80.0,1,20.0,0,,0,,0,,0,,4,,-6,-85.7,0,,0,,0,,0,,,,,,,,
87,NTA2020,Brooklyn,BK0301,,Bedford-Stuyvesant (West),,0.0,15973,21.4,13295,17.8,41307,55.5,2004,2.7,498,0.7,1414,1.9,16636,18.7,31481,35.3,30805,34.5,4635,5.2,1537,1.7,4095,4.6,663,4.2,18186,136.8,-10502,-25.4,2631,131.3,1039,208.6,2681,189.6,824.0,2664.0,1939.0,0.0,BK0301,BK0301,4976.0
88,NTA2020,Brooklyn,BK0302,,Bedford-Stuyvesant (East),,0.0,14242,18.5,2675,3.5,57133,74.1,1372,1.8,482,0.6,1185,1.5,16000,18.9,14587,17.2,45584,53.8,3311,3.9,964,1.1,4207,5.0,1758,12.3,11912,445.3,-11549,-20.2,1939,141.3,482,100.0,3022,255.0,635.0,2431.0,713.0,0.0,BK0302,BK0302,3158.0
89,NTA2020,Brooklyn,BK0401,,Bushwick (West),,0.0,38469,71.8,7024,13.1,3611,6.7,3516,6.6,441,0.8,516,1.0,31063,52.9,16444,28.0,4054,6.9,4458,7.6,762,1.3,1911,3.3,-7406,-19.3,9420,134.1,443,12.3,942,26.8,321,72.8,1395,270.3,453.0,1486.0,715.0,0.0,BK0401,BK0401,4491.0
90,NTA2020,Brooklyn,BK0402,,Bushwick (East),,0.0,35139,59.5,2536,4.3,19075,32.3,1260,2.1,380,0.6,653,1.1,30562,49.3,11438,18.4,14109,22.7,2944,4.7,822,1.3,2174,3.5,-4577,-13.0,8902,351.0,-4966,-26.0,1684,133.7,442,116.3,1521,232.9,517.0,1799.0,43.0,0.0,BK0402,BK0402,2168.0
91,NTA2020,Brooklyn,BK0471,,The Evergreens Cemetery,,7.0,8,57.1,4,28.6,2,14.3,0,,0,,0,,2,33.3,1,16.7,0,,0,,0,,3,50.0,-6,-75.0,-3,-75.0,-2,-100.0,0,,0,,3,,,,,,,,
92,NTA2020,Brooklyn,BK0501,,Cypress Hills,,0.0,27427,66.1,1190,2.9,8106,19.5,2523,6.1,1420,3.4,847,2.0,29424,68.0,1170,2.7,6989,16.2,2697,6.2,1508,3.5,1468,3.4,1997,7.3,-20,-1.7,-1117,-13.8,174,6.9,88,6.2,621,73.3,117.0,1431.0,1878.0,0.0,BK0501,BK0501,260.0
93,NTA2020,Brooklyn,BK0502,,East New York (North),,0.0,14211,36.3,453,1.2,22974,58.7,648,1.7,362,0.9,461,1.2,16225,37.9,880,2.1,21181,49.5,1708,4.0,740,1.7,2084,4.9,2014,14.2,427,94.3,-1793,-7.8,1060,163.6,378,104.4,1623,352.1,209.0,2068.0,457.0,0.0,BK0502,BK0502,475.0
94,NTA2020,Brooklyn,BK0503,,East New York-New Lots,,0.0,9755,20.5,515,1.1,36212,76.1,218,0.5,327,0.7,536,1.1,11517,21.7,983,1.9,36530,68.9,636,1.2,606,1.1,2732,5.2,1762,18.1,468,90.9,318,0.9,418,191.7,279,85.3,2196,409.7,168.0,472.0,1037.0,200.0,BK0503,BK0503,1416.0
95,NTA2020,Brooklyn,BK0504,,Spring Creek-Starrett City,,0.0,2431,17.8,3295,24.1,7306,53.4,390,2.9,68,0.5,186,1.4,3344,19.6,2595,15.2,9873,57.9,424,2.5,163,1.0,639,3.8,913,37.6,-700,-21.2,2567,35.1,34,8.7,95,139.7,453,243.5,433.0,814.0,2191.0,1169.0,BK0504,BK0504,2168.0
96,NTA2020,Brooklyn,BK0505,,East New York-City Line,,0.0,13352,31.8,802,1.9,20554,48.9,5228,12.4,1197,2.8,884,2.1,13370,29.3,805,1.8,18506,40.6,9337,20.5,1465,3.2,2076,4.6,18,0.1,3,0.4,-2048,-10.0,4109,78.6,268,22.4,1192,134.8,129.0,952.0,582.0,55.0,BK0505,BK0505,512.0
97,NTA2020,Brooklyn,BK0571,,Highland Park-Cypress Hills Cemeteries (South),,7.0,0,,0,,5,83.3,0,,1,16.7,0,,5,71.4,0,,0,,0,,2,28.6,0,,5,,0,,-5,-100.0,0,,1,100.0,0,,,,,,,,
98,NTA2020,Brooklyn,BK0601,,Carroll Gardens-Cobble Hill-Gowanus-Red Hook,,0.0,13098,24.4,28888,53.7,7676,14.3,2522,4.7,310,0.6,1262,2.3,12042,20.4,32342,54.7,7280,12.3,3924,6.6,549,0.9,3029,5.1,-1056,-8.1,3454,12.0,-396,-5.2,1402,55.6,239,77.1,1767,140.0,377.0,1509.0,1519.0,114.0,BK0601,BK0601,2259.0
99,NTA2020,Brooklyn,BK0602,,Park Slope,,0.0,6780,12.7,37909,70.9,3671,6.9,3141,5.9,310,0.6,1691,3.2,6701,11.7,38668,67.4,3363,5.9,4641,8.1,481,0.8,3551,6.2,-79,-1.2,759,2.0,-308,-8.4,1500,47.8,171,55.2,1860,110.0,180.0,1960.0,49.0,0.0,BK0602,BK0602,1232.0
100,NTA2020,Brooklyn,BK0701,,Windsor Terrace-South Slope,,0.0,3814,16.9,15089,66.9,1124,5.0,1786,7.9,161,0.7,580,2.6,3430,14.5,15463,65.5,876,3.7,2200,9.3,242,1.0,1411,6.0,-384,-10.1,374,2.5,-248,-22.1,414,23.2,81,50.3,831,143.3,73.0,93.0,605.0,0.0,BK0701,BK0701,668.0
101,NTA2020,Brooklyn,BK0702,,Sunset Park (West),,0.0,34296,65.7,9497,18.2,2056,3.9,5409,10.4,294,0.6,637,1.2,30638,56.2,12073,22.2,2740,5.0,7139,13.1,597,1.1,1286,2.4,-3658,-10.7,2576,27.1,684,33.3,1730,32.0,303,103.1,649,101.9,241.0,888.0,145.0,0.0,BK0702,BK0702,671.0
102,NTA2020,Brooklyn,BK0703,,Sunset Park (Central),,0.0,19086,36.8,5101,9.8,547,1.1,26340,50.8,188,0.4,544,1.1,18226,32.8,4509,8.1,610,1.1,31444,56.5,280,0.5,537,1.0,-860,-4.5,-592,-11.6,63,11.5,5104,19.4,92,48.9,-7,-1.3,325.0,309.0,500.0,0.0,BK0703,BK0703,522.0
103,NTA2020,Brooklyn,BK0771,,Green-Wood Cemetery,,7.0,2,40.0,3,60.0,0,,0,,0,,0,,2,40.0,0,,0,,2,40.0,0,,1,20.0,0,0.0,-3,-100.0,0,,2,,0,,1,,,,,,,,
104,NTA2020,Brooklyn,BK0801,,Prospect Heights,,0.0,2275,11.5,9359,47.2,5979,30.1,1316,6.6,152,0.8,768,3.9,2445,10.4,12672,53.9,4520,19.2,2041,8.7,284,1.2,1553,6.6,170,7.5,3313,35.4,-1459,-24.4,725,55.1,132,86.8,785,102.2,146.0,2103.0,646.0,3028.0,BK0801,BK0801,1293.0
105,NTA2020,Brooklyn,BK0802,,Crown Heights (North),,0.0,9248,12.0,7060,9.2,57179,74.3,1433,1.9,482,0.6,1559,2.0,11732,13.8,18774,22.0,45217,53.0,3461,4.1,1174,1.4,4917,5.8,2484,26.9,11714,165.9,-11962,-20.9,2028,141.5,692,143.6,3358,215.4,452.0,1897.0,1246.0,0.0,BK0802,BK0802,3065.0
106,NTA2020,Brooklyn,BK0891,,Lincoln Terrace Park,,9.0,0,,0,,0,,0,,0,,0,,7,46.7,3,20.0,3,20.0,0,,2,13.3,0,,7,,3,,3,,0,,2,,0,,,,,,,,
107,NTA2020,Brooklyn,BK0901,,Crown Heights (South),,0.0,4507,8.9,12836,25.5,31695,62.9,323,0.6,281,0.6,763,1.5,4997,9.9,16111,31.8,24907,49.2,931,1.8,1338,2.6,2306,4.6,490,10.9,3275,25.5,-6788,-21.4,608,188.2,1057,376.2,1543,202.2,79.0,1705.0,2324.0,168.0,BK0901,BK0901,676.0
108,NTA2020,Brooklyn,BK0902,,Prospect Lefferts Gardens-Wingate,,0.0,4438,9.7,5882,12.8,33471,73.1,836,1.8,313,0.7,868,1.9,5266,10.6,12050,24.3,26859,54.2,1610,3.3,918,1.9,2810,5.7,828,18.7,6168,104.9,-6612,-19.8,774,92.6,605,193.3,1942,223.7,230.0,819.0,1934.0,572.0,BK0902,BK0902,2115.0
109,NTA2020,Brooklyn,BK1001,,Bay Ridge,,0.0,12612,15.6,54116,66.9,1293,1.6,10837,13.4,359,0.4,1699,2.1,16310,18.8,51417,59.3,1840,2.1,13662,15.7,810,0.9,2740,3.2,3698,29.3,-2699,-5.0,547,42.3,2825,26.1,451,125.6,1041,61.3,115.0,179.0,41.0,0.0,BK1001,BK1001,190.0
110,NTA2020,Brooklyn,BK1002,,Dyker Heights,,0.0,4920,11.9,21530,52.0,200,0.5,14271,34.5,70,0.2,387,0.9,6486,13.9,16960,36.3,357,0.8,22042,47.1,202,0.4,709,1.5,1566,31.8,-4570,-21.2,157,78.5,7771,54.5,132,188.6,322,83.2,113.0,262.0,0.0,0.0,BK1002,BK1002,76.0
111,NTA2020,Brooklyn,BK1061,,Fort Hamilton,,6.0,244,31.9,239,31.3,188,24.6,47,6.2,17,2.2,29,3.8,189,24.4,319,41.2,105,13.5,81,10.5,16,2.1,65,8.4,-55,-22.5,80,33.5,-83,-44.1,34,72.3,-1,-5.9,36,124.1,,,,,,,
112,NTA2020,Brooklyn,BK1091,,Dyker Beach Park,,9.0,0,,0,,0,,0,,0,,0,,2,22.2,3,33.3,0,,0,,1,11.1,3,33.3,2,,3,,0,,0,,1,,3,,,,,,,,
113,NTA2020,Brooklyn,BK1101,,Bensonhurst,,0.0,13522,14.1,46138,48.0,609,0.6,34364,35.8,305,0.3,1098,1.1,18064,17.2,36545,34.8,1078,1.0,46034,43.9,600,0.6,2613,2.5,4542,33.6,-9593,-20.8,469,77.0,11670,34.0,295,96.7,1515,138.0,217.0,288.0,47.0,0.0,BK1101,BK1101,576.0
114,NTA2020,Brooklyn,BK1102,,Bath Beach,,0.0,3894,13.0,16389,54.8,273,0.9,8953,29.9,98,0.3,324,1.1,4695,14.2,13227,40.0,443,1.3,13543,41.0,187,0.6,975,2.9,801,20.6,-3162,-19.3,170,62.3,4590,51.3,89,90.8,651,200.9,99.0,163.0,0.0,0.0,BK1102,BK1102,123.0
115,NTA2020,Brooklyn,BK1103,,Gravesend (West),,0.0,6761,12.1,27795,49.9,472,0.8,19735,35.5,173,0.3,733,1.3,8579,14.2,22331,36.9,841,1.4,26717,44.1,287,0.5,1768,2.9,1818,26.9,-5464,-19.7,369,78.2,6982,35.4,114,65.9,1035,141.2,112.0,603.0,251.0,0.0,BK1103,BK1103,355.0
116,NTA2020,Brooklyn,BK1201,,Sunset Park (East)-Borough Park (West),,0.0,7564,22.6,8140,24.4,657,2.0,16471,49.3,176,0.5,389,1.2,7533,21.1,6959,19.5,641,1.8,19480,54.7,471,1.3,548,1.5,-31,-0.4,-1181,-14.5,-16,-2.4,3009,18.3,295,167.6,159,40.9,255.0,410.0,188.0,0.0,BK1201,BK1201,587.0
117,NTA2020,Brooklyn,BK1202,,Borough Park,,0.0,7819,9.3,68987,81.9,480,0.6,6082,7.2,206,0.2,696,0.8,8077,8.6,70239,74.8,804,0.9,8166,8.7,4452,4.7,2167,2.3,258,3.3,1252,1.8,324,67.5,2084,34.3,4246,2061.2,1471,211.4,503.0,511.0,269.0,0.0,BK1202,BK1202,785.0
118,NTA2020,Brooklyn,BK1203,,Kensington,,0.0,7153,17.7,19463,48.1,2947,7.3,9491,23.5,385,1.0,1033,2.6,6825,16.3,17370,41.6,2753,6.6,12224,29.3,618,1.5,1968,4.7,-328,-4.6,-2093,-10.8,-194,-6.6,2733,28.8,233,60.5,935,90.5,52.0,169.0,45.0,0.0,BK1203,BK1203,150.0
119,NTA2020,Brooklyn,BK1204,,Mapleton-Midwood (West),,0.0,2937,7.8,30549,81.6,304,0.8,3252,8.7,101,0.3,298,0.8,3507,9.0,28474,72.8,632,1.6,4752,12.1,694,1.8,1078,2.8,570,19.4,-2075,-6.8,328,107.9,1500,46.1,593,587.1,780,261.7,170.0,130.0,296.0,0.0,BK1204,BK1204,279.0
120,NTA2020,Brooklyn,BK1301,,Gravesend (South),,0.0,3764,13.7,15499,56.6,2438,8.9,5205,19.0,119,0.4,375,1.4,4626,15.2,14187,46.7,2566,8.5,7949,26.2,242,0.8,796,2.6,862,22.9,-1312,-8.5,128,5.3,2744,52.7,123,103.4,421,112.3,93.0,95.0,21.0,0.0,BK1301,BK1301,247.0
121,NTA2020,Brooklyn,BK1302,,Coney Island-Sea Gate,,0.0,8768,17.6,26662,53.6,10651,21.4,2880,5.8,170,0.3,584,1.2,8588,17.3,24811,50.1,10144,20.5,4193,8.5,460,0.9,1321,2.7,-180,-2.1,-1851,-6.9,-507,-4.8,1313,45.6,290,170.6,737,126.2,97.0,1829.0,345.0,2211.0,BK1302,BK1302,1750.0
122,NTA2020,Brooklyn,BK1303,,Brighton Beach,,0.0,4947,15.7,21839,69.4,340,1.1,3777,12.0,167,0.5,392,1.2,4541,13.5,21647,64.5,429,1.3,5462,16.3,247,0.7,1242,3.7,-406,-8.2,-192,-0.9,89,26.2,1685,44.6,80,47.9,850,216.8,86.0,204.0,156.0,0.0,BK1303,BK1303,581.0
123,NTA2020,Brooklyn,BK1391,,Calvert Vaux Park,,9.0,0,,0,,0,,0,,0,,0,,0,,0,,0,,0,,0,,0,,0,,0,,0,,0,,0,,0,,,,,,,,
124,NTA2020,Brooklyn,BK1401,,Flatbush,,0.0,13669,20.1,5425,8.0,44926,66.1,2193,3.2,517,0.8,1210,1.8,13064,19.6,9752,14.7,35895,54.0,3407,5.1,837,1.3,3548,5.3,-605,-4.4,4327,79.8,-9031,-20.1,1214,55.4,320,61.9,2338,193.2,114.0,1550.0,357.0,0.0,BK1401,BK1401,1327.0
125,NTA2020,Brooklyn,BK1402,,Flatbush (West)-Ditmas Park-Parkville,,0.0,7776,18.5,15835,37.6,9605,22.8,7541,17.9,411,1.0,931,2.2,7256,16.9,15859,36.9,7702,17.9,9288,21.6,673,1.6,2238,5.2,-520,-6.7,24,0.2,-1903,-19.8,1747,23.2,262,63.7,1307,140.4,57.0,231.0,0.0,0.0,BK1402,BK1402,581.0
126,NTA2020,Brooklyn,BK1403,,Midwood,,0.0,3402,6.9,37282,76.1,2470,5.0,5133,10.5,184,0.4,517,1.1,4081,7.7,35135,66.4,2833,5.4,7894,14.9,882,1.7,2066,3.9,679,20.0,-2147,-5.8,363,14.7,2761,53.8,698,379.3,1549,299.6,79.0,450.0,387.0,0.0,BK1403,BK1403,863.0
127,NTA2020,Brooklyn,BK1501,,Gravesend (East)-Homecrest,,0.0,4826,9.6,38334,76.0,477,0.9,6063,12.0,119,0.2,618,1.2,5842,11.1,34806,65.9,767,1.5,9108,17.3,499,0.9,1775,3.4,1016,21.1,-3528,-9.2,290,60.8,3045,50.2,380,319.3,1157,187.2,175.0,189.0,368.0,0.0,BK1501,BK1501,84.0
128,NTA2020,Brooklyn,BK1502,,Madison,,0.0,2689,6.9,27646,71.0,630,1.6,7340,18.9,108,0.3,504,1.3,3217,7.8,25197,60.8,1228,3.0,9938,24.0,336,0.8,1549,3.7,528,19.6,-2449,-8.9,598,94.9,2598,35.4,228,211.1,1045,207.3,92.0,225.0,77.0,0.0,BK1502,BK1502,690.0
129,NTA2020,Brooklyn,BK1503,,Sheepshead Bay-Manhattan Beach-Gerritsen Beach,,0.0,5203,8.1,43944,68.1,4161,6.4,10135,15.7,198,0.3,877,1.4,6148,8.9,41326,59.8,4615,6.7,14205,20.6,407,0.6,2383,3.4,945,18.2,-2618,-6.0,454,10.9,4070,40.2,209,105.6,1506,171.7,274.0,425.0,246.0,0.0,BK1503,BK1503,630.0
130,NTA2020,Brooklyn,BK1601,,Ocean Hill,,0.0,5716,17.9,439,1.4,24825,77.7,199,0.6,245,0.8,511,1.6,7714,20.3,2597,6.8,24567,64.7,741,2.0,454,1.2,1879,5.0,1998,35.0,2158,491.6,-258,-1.0,542,272.4,209,85.3,1368,267.7,248.0,1232.0,172.0,0.0,BK1601,BK1601,1720.0
131,NTA2020,Brooklyn,BK1602,,Brownsville,,0.0,11639,21.3,446,0.8,41171,75.3,409,0.7,349,0.6,635,1.2,13933,23.0,830,1.4,41736,69.0,617,1.0,688,1.1,2666,4.4,2294,19.7,384,86.1,565,1.4,208,50.9,339,97.1,2031,319.8,139.0,3021.0,1189.0,27.0,BK1602,BK1602,1019.0
132,NTA2020,Brooklyn,BK1701,,East Flatbush-Erasmus,,0.0,4207,9.1,820,1.8,39027,84.8,773,1.7,349,0.8,834,1.8,5181,10.9,3573,7.5,34050,71.4,1310,2.7,658,1.4,2918,6.1,974,23.2,2753,335.7,-4977,-12.8,537,69.5,309,88.5,2084,249.9,236.0,2036.0,9.0,0.0,BK1701,BK1701,2198.0
133,NTA2020,Brooklyn,BK1702,,East Flatbush-Farragut,,0.0,2096,6.3,634,1.9,29433,88.0,406,1.2,270,0.8,606,1.8,2465,7.2,799,2.3,27126,79.0,827,2.4,575,1.7,2525,7.4,369,17.6,165,26.0,-2307,-7.8,421,103.7,305,113.0,1919,316.7,121.0,898.0,0.0,0.0,BK1702,BK1702,293.0
134,NTA2020,Brooklyn,BK1703,,East Flatbush-Rugby,,0.0,1902,4.8,473,1.2,35884,91.2,269,0.7,251,0.6,552,1.4,2690,6.3,1145,2.7,34671,81.1,685,1.6,564,1.3,3007,7.0,788,41.4,672,142.1,-1213,-3.4,416,154.6,313,124.7,2455,444.7,89.0,246.0,0.0,0.0,BK1703,BK1703,159.0
135,NTA2020,Brooklyn,BK1704,,East Flatbush-Remsen Village,,0.0,2561,6.8,297,0.8,34126,90.0,244,0.6,183,0.5,489,1.3,3320,8.5,691,1.8,31983,81.8,251,0.6,523,1.3,2347,6.0,759,29.6,394,132.7,-2143,-6.3,7,2.9,340,185.8,1858,380.0,34.0,89.0,233.0,0.0,BK1704,BK1704,31.0
136,NTA2020,Brooklyn,BK1771,,Holy Cross Cemetery,,7.0,1,3.4,0,,27,93.1,0,,0,,1,3.4,5,15.6,0,,19,59.4,6,18.8,0,,2,6.3,4,400.0,0,,-8,-29.6,6,,0,,1,100.0,,,,,,,
137,NTA2020,Brooklyn,BK1801,,Flatlands,,0.0,5753,8.9,11793,18.2,42935,66.3,2577,4.0,508,0.8,1196,1.8,6016,9.0,9749,14.5,43053,64.2,3899,5.8,921,1.4,3449,5.1,263,4.6,-2044,-17.3,118,0.3,1322,51.3,413,81.3,2253,188.4,90.0,146.0,0.0,0.0,BK1801,BK1801,75.0
138,NTA2020,Brooklyn,BK1802,,Marine Park-Mill Basin-Bergen Beach,,0.0,3583,7.9,33399,73.8,4952,10.9,2521,5.6,198,0.4,578,1.3,4309,9.2,29831,63.5,6271,13.4,4762,10.1,499,1.1,1283,2.7,726,20.3,-3568,-10.7,1319,26.6,2241,88.9,301,152.0,705,122.0,64.0,51.0,0.0,0.0,BK1802,BK1802,13.0
139,NTA2020,Brooklyn,BK1803,,Canarsie,,0.0,6941,8.3,4928,5.9,67816,81.0,2198,2.6,532,0.6,1278,1.5,7433,8.3,3441,3.8,71576,79.6,1841,2.0,1032,1.1,4609,5.1,492,7.1,-1487,-30.2,3760,5.5,-357,-16.2,500,94.0,3331,260.6,100.0,57.0,0.0,0.0,BK1803,BK1803,235.0
140,NTA2020,Brooklyn,BK1891,,Marine Park-Plumb Island,,9.0,0,,0,,0,,0,,0,,0,,1,100.0,0,,0,,0,,0,,0,,1,,0,,0,,0,,0,,0,,,,,,,,
141,NTA2020,Brooklyn,BK1892,,McGuire Fields,,9.0,0,,0,,0,,0,,0,,0,,0,,2,50.0,0,,0,,0,,2,50.0,0,,2,,0,,0,,0,,2,,,,,,,,
142,NTA2020,Brooklyn,BK1893,,Canarsie Park & Pier,,9.0,0,,0,,0,,0,,0,,0,,1,20.0,0,,0,,0,,0,,4,80.0,1,,0,,0,,0,,0,,4,,,,,,,,
143,NTA2020,Brooklyn,BK5591,,Prospect Park,,9.0,0,,0,,0,,0,,0,,0,,5,33.3,2,13.3,7,46.7,0,,0,,1,6.7,5,,2,,7,,0,,0,,1,,,,,,,,
144,NTA2020,Brooklyn,BK5691,,Barren Island-Floyd Bennett Field,,9.0,0,,25,67.6,12,32.4,0,,0,,0,,3,14.3,12,57.1,5,23.8,0,,0,,1,4.8,3,,-13,-52.0,-7,-58.3,0,,0,,1,,,,,,,,
145,NTA2020,Brooklyn,BK5692,,Jamaica Bay (West),,9.0,0,,0,,0,,0,,0,,0,,0,,0,,0,,0,,0,,0,,0,,0,,0,,0,,0,,0,,,,,,,,
146,NTA2020,Brooklyn,BK5693,,Shirley Chisholm State Park,,9.0,0,,0,,0,,0,,0,,0,,0,,0,,0,,0,,0,,0,,0,,0,,0,,0,,0,,0,,,,,,,,
147,NTA2020,Bronx,BX0101,,Mott Haven-Port Morris,,0.0,37869,72.3,867,1.7,12927,24.7,214,0.4,226,0.4,310,0.6,38852,67.3,1569,2.7,15455,26.8,476,0.8,475,0.8,891,1.5,983,2.6,702,81.0,2528,19.6,262,122.4,249,110.2,581,187.4,137.0,3894.0,737.0,0.0,BX0101,BX0101,3115.0
148,NTA2020,Bronx,BX0102,,Melrose,,0.0,27094,69.1,571,1.5,10787,27.5,314,0.8,188,0.5,260,0.7,28059,65.8,973,2.3,12111,28.4,426,1.0,451,1.1,631,1.5,965,3.6,402,70.4,1324,12.3,112,35.7,263,139.9,371,142.7,105.0,1541.0,862.0,0.0,BX0102,BX0102,2042.0
149,NTA2020,Bronx,BX0201,,Hunts Point,,0.0,11325,73.3,205,1.3,3676,23.8,87,0.6,70,0.5,95,0.6,10715,70.8,264,1.7,3752,24.8,108,0.7,109,0.7,183,1.2,-610,-5.4,59,28.8,76,2.1,21,24.1,39,55.7,88,92.6,39.0,1605.0,803.0,0.0,BX0201,BX0201,276.0
150,NTA2020,Bronx,BX0202,,Longwood,,0.0,28511,75.1,519,1.4,8239,21.7,235,0.6,178,0.5,260,0.7,28773,71.4,690,1.7,9608,23.8,294,0.7,399,1.0,525,1.3,262,0.9,171,32.9,1369,16.6,59,25.1,221,124.2,265,101.9,72.0,980.0,1410.0,184.0,BX0202,BX0202,1443.0
151,NTA2020,Bronx,BX0291,,North & South Brother Islands,,9.0,0,,0,,0,,0,,0,,0,,0,,0,,0,,0,,0,,0,,0,,0,,0,,0,,0,,0,,,,,,,,
152,NTA2020,Bronx,BX0301,,Morrisania,,0.0,17395,56.3,450,1.5,12424,40.2,134,0.4,194,0.6,273,0.9,20576,54.7,709,1.9,15107,40.2,184,0.5,379,1.0,652,1.7,3181,18.3,259,57.6,2683,21.6,50,37.3,185,95.4,379,138.8,109.0,896.0,310.0,0.0,BX0301,BX0301,3120.0
153,NTA2020,Bronx,BX0302,,Claremont Village-Claremont (East),,0.0,11363,51.2,203,0.9,10285,46.4,40,0.2,122,0.6,161,0.7,12630,51.4,295,1.2,10938,44.5,69,0.3,179,0.7,442,1.8,1267,11.2,92,45.3,653,6.3,29,72.5,57,46.7,281,174.5,27.0,67.0,320.0,0.0,BX0302,BX0302,1021.0
154,NTA2020,Bronx,BX0303,,Crotona Park East,,0.0,16939,64.8,231,0.9,8452,32.3,191,0.7,134,0.5,196,0.7,18748,62.2,488,1.6,9873,32.7,254,0.8,326,1.1,469,1.6,1809,10.7,257,111.3,1421,16.8,63,33.0,192,143.3,273,139.3,86.0,804.0,1147.0,0.0,BX0303,BX0303,2560.0
155,NTA2020,Bronx,BX0391,,Crotona Park,,9.0,0,,0,,0,,0,,0,,0,,18,52.9,5,14.7,10,29.4,0,,0,,1,2.9,18,,5,,10,,0,,0,,1,,,,,,,,
156,NTA2020,Bronx,BX0401,,Concourse-Concourse Village,,0.0,39009,58.5,1222,1.8,23740,35.6,1492,2.2,478,0.7,790,1.2,41807,60.3,1941,2.8,22108,31.9,1730,2.5,658,0.9,1143,1.6,2798,7.2,719,58.8,-1632,-6.9,238,16.0,180,37.7,353,44.7,99.0,4011.0,4015.0,0.0,BX0401,BX0401,1459.0
157,NTA2020,Bronx,BX0402,,Highbridge,,0.0,20033,64.7,402,1.3,10006,32.3,132,0.4,148,0.5,224,0.7,21431,66.0,631,1.9,9444,29.1,247,0.8,283,0.9,420,1.3,1398,7.0,229,57.0,-562,-5.6,115,87.1,135,91.2,196,87.5,64.0,942.0,174.0,0.0,BX0402,BX0402,841.0
158,NTA2020,Bronx,BX0403,,Mount Eden-Claremont (West),,0.0,32847,68.2,563,1.2,13440,27.9,607,1.3,322,0.7,366,0.8,34999,70.5,711,1.4,12221,24.6,619,1.2,527,1.1,574,1.2,2152,6.6,148,26.3,-1219,-9.1,12,2.0,205,63.7,208,56.8,65.0,765.0,0.0,0.0,BX0403,BX0403,860.0
159,NTA2020,Bronx,BX0491,,Yankee Stadium-Macombs Dam Park,,9.0,0,,0,,0,,0,,0,,0,,15,78.9,0,,4,21.1,0,,0,,0,,15,,0,,4,,0,,0,,0,,,,,,,,
160,NTA2020,Bronx,BX0492,,Claremont Park,,9.0,0,,0,,0,,0,,0,,0,,1,10.0,0,,7,70.0,0,,0,,2,20.0,1,,0,,7,,0,,0,,2,,,,,,,,
161,NTA2020,Bronx,BX0501,,University Heights (South)-Morris Heights,,0.0,33373,63.8,723,1.4,16829,32.2,684,1.3,257,0.5,410,0.8,36202,66.2,818,1.5,15403,28.2,854,1.6,550,1.0,855,1.6,2829,8.5,95,13.1,-1426,-8.5,170,24.9,293,114.0,445,108.5,85.0,1389.0,510.0,0.0,BX0501,BX0501,742.0
162,NTA2020,Bronx,BX0502,,Mount Hope,,0.0,30520,67.4,585,1.3,12410,27.4,839,1.9,446,1.0,479,1.1,33082,67.4,736,1.5,13375,27.2,611,1.2,654,1.3,641,1.3,2562,8.4,151,25.8,965,7.8,-228,-27.2,208,46.6,162,33.8,88.0,2050.0,34.0,0.0,BX0502,BX0502,1515.0
163,NTA2020,Bronx,BX0503,,Fordham Heights,,0.0,22771,70.6,531,1.6,8026,24.9,400,1.2,293,0.9,247,0.8,23239,72.4,523,1.6,7100,22.1,456,1.4,378,1.2,403,1.3,468,2.1,-8,-1.5,-926,-11.5,56,14.0,85,29.0,156,63.2,33.0,534.0,66.0,0.0,BX0503,BX0503,437.0
164,NTA2020,Bronx,BX0601,,West Farms,,0.0,13450,73.9,207,1.1,4178,22.9,133,0.7,123,0.7,114,0.6,14106,70.0,290,1.4,5020,24.9,230,1.1,199,1.0,302,1.5,656,4.9,83,40.1,842,20.2,97,72.9,76,61.8,188,164.9,40.0,1158.0,1455.0,0.0,BX0601,BX0601,1379.0
165,NTA2020,Bronx,BX0602,,Tremont,,0.0,19370,63.5,516,1.7,10054,33.0,141,0.5,161,0.5,251,0.8,19902,61.9,599,1.9,10618,33.0,181,0.6,354,1.1,496,1.5,532,2.7,83,16.1,564,5.6,40,28.4,193,119.9,245,97.6,152.0,1249.0,620.0,0.0,BX0602,BX0602,1413.0
166,NTA2020,Bronx,BX0603,,Belmont,,0.0,20819,60.1,5491,15.8,7206,20.8,655,1.9,174,0.5,305,0.9,21837,61.0,4732,13.2,7443,20.8,738,2.1,367,1.0,708,2.0,1018,4.9,-759,-13.8,237,3.3,83,12.7,193,110.9,403,132.1,95.0,1039.0,667.0,0.0,BX0603,BX0603,905.0
167,NTA2020,Bronx,BX0701,,University Heights (North)-Fordham,,0.0,31352,70.9,1724,3.9,8224,18.6,2117,4.8,348,0.8,464,1.0,34534,74.2,1800,3.9,7348,15.8,1661,3.6,543,1.2,652,1.4,3182,10.1,76,4.4,-876,-10.7,-456,-21.5,195,56.0,188,40.5,64.0,648.0,0.0,0.0,BX0701,BX0701,832.0
168,NTA2020,Bronx,BX0702,,Bedford Park,,0.0,34788,65.2,4428,8.3,10356,19.4,2612,4.9,555,1.0,591,1.1,37854,68.2,3461,6.2,10310,18.6,2325,4.2,763,1.4,808,1.5,3066,8.8,-967,-21.8,-46,-0.4,-287,-11.0,208,37.5,217,36.7,99.0,2008.0,186.0,0.0,BX0702,BX0702,1424.0
169,NTA2020,Bronx,BX0703,,Norwood,,0.0,23785,58.7,3998,9.9,7262,17.9,4451,11.0,387,1.0,611,1.5,26570,61.1,3093,7.1,6437,14.8,6049,13.9,642,1.5,675,1.6,2785,11.7,-905,-22.6,-825,-11.4,1598,35.9,255,65.9,64,10.5,35.0,321.0,0.0,0.0,BX0703,BX0703,774.0
170,NTA2020,Bronx,BX0801,,Kingsbridge Heights-Van Cortlandt Village,,0.0,23000,66.0,4887,14.0,4698,13.5,1687,4.8,242,0.7,330,0.9,25505,71.3,3741,10.5,4284,12.0,1287,3.6,396,1.1,564,1.6,2505,10.9,-1146,-23.4,-414,-8.8,-400,-23.7,154,63.6,234,70.9,47.0,280.0,0.0,0.0,BX0801,BX0801,323.0
171,NTA2020,Bronx,BX0802,,Kingsbridge-Marble Hill,,0.0,13562,60.0,4288,19.0,3402,15.1,963,4.3,122,0.5,262,1.2,14757,64.7,3561,15.6,2872,12.6,923,4.0,230,1.0,464,2.0,1195,8.8,-727,-17.0,-530,-15.6,-40,-4.2,108,88.5,202,77.1,27.0,133.0,231.0,0.0,BX0802,BX0802,359.0
171,NTA2020,Bronx,BX0802,,Kingsbridge-Marble Hill,,0.0,13562,60.0,4288,19.0,3402,15.1,963,4.3,122,0.5,262,1.2,14757,64.7,3561,15.6,2872,12.6,923,4.0,230,1.0,464,2.0,1195,8.8,-727,-17.0,-530,-15.6,-40,-4.2,108,88.5,202,77.1,27.0,133.0,231.0,0.0,BX0802,BX0802,1.0
172,NTA2020,Bronx,BX0803,,Riverdale-Spuyten Duyvil,,0.0,7442,17.0,29846,68.0,3307,7.5,2330,5.3,194,0.4,766,1.7,11840,24.7,26666,55.6,4074,8.5,3092,6.5,639,1.3,1616,3.4,4398,59.1,-3180,-10.7,767,23.2,762,32.7,445,229.4,850,111.0,123.0,531.0,51.0,0.0,BX0803,BX0803,397.0
173,NTA2020,Bronx,BX0901,,Soundview-Bruckner-Bronx River,,0.0,43199,62.3,1402,2.0,20546,29.6,1954,2.8,1367,2.0,911,1.3,46244,62.2,1610,2.2,18855,25.4,4293,5.8,1801,2.4,1539,2.1,3045,7.0,208,14.8,-1691,-8.2,2339,119.7,434,31.7,628,68.9,97.0,1660.0,0.0,0.0,BX0901,BX0901,694.0
174,NTA2020,Bronx,BX0902,,Soundview-Clason Point,,0.0,21212,62.1,763,2.2,11159,32.7,409,1.2,291,0.9,339,1.0,23287,62.4,806,2.2,11140,29.9,769,2.1,546,1.5,749,2.0,2075,9.8,43,5.6,-19,-0.2,360,88.0,255,87.6,410,120.9,185.0,486.0,1914.0,0.0,BX0902,BX0902,785.0
175,NTA2020,Bronx,BX0903,,Castle Hill-Unionport,,0.0,22584,60.6,1345,3.6,8351,22.4,3614,9.7,654,1.8,704,1.9,22307,53.9,1405,3.4,8481,20.5,7200,17.4,1078,2.6,949,2.3,-277,-1.2,60,4.5,130,1.6,3586,99.2,424,64.8,245,34.8,108.0,356.0,306.0,0.0,BX0903,BX0903,497.0
176,NTA2020,Bronx,BX0904,,Parkchester,,0.0,11364,38.1,1105,3.7,12765,42.8,3721,12.5,255,0.9,611,2.0,11083,33.0,907,2.7,11788,35.1,8550,25.4,479,1.4,795,2.4,-281,-2.5,-198,-17.9,-977,-7.7,4829,129.8,224,87.8,184,30.1,18.0,330.0,0.0,0.0,BX0904,BX0904,65.0
177,NTA2020,Bronx,BX0991,,Soundview Park,,9.0,4,100.0,0,,0,,0,,0,,0,,3,50.0,1,16.7,0,,0,,0,,2,33.3,-1,-25.0,1,,0,,0,,0,,2,,,,,,,,
178,NTA2020,Bronx,BX1001,,Westchester Square,,0.0,9096,58.1,1392,8.9,1642,10.5,2806,17.9,395,2.5,322,2.1,8759,50.4,1148,6.6,1769,10.2,4878,28.1,424,2.4,398,2.3,-337,-3.7,-244,-17.5,127,7.7,2072,73.8,29,7.3,76,23.6,41.0,200.0,0.0,200.0,BX1001,BX1001,354.0
179,NTA2020,Bronx,BX1002,,Throgs Neck-Schuylerville,,0.0,18111,41.0,20348,46.1,3479,7.9,1430,3.2,346,0.8,450,1.0,23577,49.0,16118,33.5,4486,9.3,2460,5.1,661,1.4,814,1.7,5466,30.2,-4230,-20.8,1007,28.9,1030,72.0,315,91.0,364,80.9,140.0,46.0,404.0,0.0,BX1002,BX1002,183.0
180,NTA2020,Bronx,BX1003,,Pelham Bay-Country Club-City Island,,0.0,7950,29.9,16488,62.0,773,2.9,969,3.6,151,0.6,252,0.9,11911,40.4,13208,44.8,1660,5.6,1807,6.1,283,1.0,593,2.0,3961,49.8,-3280,-19.9,887,114.7,838,86.5,132,87.4,341,135.3,97.0,134.0,10.0,0.0,BX1003,BX1003,289.0
181,NTA2020,Bronx,BX1004,,Co-op City,,0.0,9810,27.7,3403,9.6,21056,59.4,433,1.2,199,0.6,574,1.6,10221,27.4,1930,5.2,23389,62.6,490,1.3,340,0.9,999,2.7,411,4.2,-1473,-43.3,2333,11.1,57,13.2,141,70.9,425,74.0,12.0,4.0,0.0,0.0,BX1004,BX1004,255.0
182,NTA2020,Bronx,BX1071,,Hart Island,,7.0,0,,0,,0,,0,,0,,0,,0,,0,,0,,0,,0,,0,,0,,0,,0,,0,,0,,0,,,,,,,,
183,NTA2020,Bronx,BX1091,,Ferry Point Park-St. Raymond Cemetery,,9.0,3,100.0,0,,0,,0,,0,,0,,0,,0,,0,,0,,0,,0,,-3,-100.0,0,,0,,0,,0,,0,,,,,,,,
184,NTA2020,Bronx,BX1101,,Pelham Parkway-Van Nest,,0.0,17086,55.8,5977,19.5,4501,14.7,2161,7.1,382,1.2,531,1.7,18114,55.9,5465,16.9,4728,14.6,2605,8.0,524,1.6,989,3.1,1028,6.0,-512,-8.6,227,5.0,444,20.5,142,37.2,458,86.3,54.0,215.0,159.0,0.0,BX1101,BX1101,94.0
185,NTA2020,Bronx,BX1102,,Morris Park,,0.0,6018,26.3,12173,53.1,1322,5.8,2928,12.8,202,0.9,270,1.2,8314,33.2,10649,42.5,1675,6.7,3540,14.1,361,1.4,538,2.1,2296,38.2,-1524,-12.5,353,26.7,612,20.9,159,78.7,268,99.3,55.0,23.0,170.0,0.0,BX1102,BX1102,201.0
186,NTA2020,Bronx,BX1103,,Pelham Gardens,,0.0,8619,31.7,7166,26.3,8532,31.3,2239,8.2,284,1.0,388,1.4,10290,35.0,5498,18.7,8951,30.4,3399,11.6,490,1.7,774,2.6,1671,19.4,-1668,-23.3,419,4.9,1160,51.8,206,72.5,386,99.5,135.0,139.0,0.0,0.0,BX1103,BX1103,122.0
187,NTA2020,Bronx,BX1104,,Allerton,,0.0,16418,48.3,5537,16.3,9975,29.3,1381,4.1,275,0.8,412,1.2,17432,50.3,4734,13.7,9518,27.5,1688,4.9,469,1.4,782,2.3,1014,6.2,-803,-14.5,-457,-4.6,307,22.2,194,70.5,370,89.8,71.0,644.0,333.0,80.0,BX1104,BX1104,124.0
188,NTA2020,Bronx,BX1161,,Hutchinson Metro Center,,6.0,248,27.7,336,37.6,276,30.9,25,2.8,0,,9,1.0,113,38.0,56,18.9,93,31.3,3,1.0,25,8.4,7,2.4,-135,-54.4,-280,-83.3,-183,-66.3,-22,-88.0,25,,-2,-22.2,4.0,0.0,637.0,0.0,BX1161,BX1161,-1.0
189,NTA2020,Bronx,BX1201,,Williamsbridge-Olinville,,0.0,14819,26.9,1470,2.7,36752,66.6,755,1.4,560,1.0,802,1.5,19169,31.2,1435,2.3,37033,60.4,1216,2.0,873,1.4,1620,2.6,4350,29.4,-35,-2.4,281,0.8,461,61.1,313,55.9,818,102.0,308.0,1007.0,0.0,0.0,BX1201,BX1201,1625.0
190,NTA2020,Bronx,BX1202,,Eastchester-Edenwald-Baychester,,0.0,10971,22.3,1566,3.2,35102,71.4,430,0.9,397,0.8,715,1.5,12986,25.1,1105,2.1,35061,67.8,656,1.3,650,1.3,1278,2.5,2015,18.4,-461,-29.4,-41,-0.1,226,52.6,253,63.7,563,78.7,240.0,136.0,957.0,957.0,BX1202,BX1202,404.0
191,NTA2020,Bronx,BX1203,,Wakefield-Woodlawn,,0.0,8505,18.7,7731,17.0,25567,56.2,1628,3.6,1119,2.5,963,2.1,11263,23.6,6672,14.0,25258,53.0,1462,3.1,1421,3.0,1581,3.3,2758,32.4,-1059,-13.7,-309,-1.2,-166,-10.2,302,27.0,618,64.2,147.0,985.0,1700.0,0.0,BX1203,BX1203,388.0
192,NTA2020,Bronx,BX1271,,Woodlawn Cemetery,,7.0,0,,0,,0,,0,,0,,0,,0,,0,,1,50.0,0,,1,50.0,0,,0,,0,,1,,0,,1,,0,,,,,,,,
193,NTA2020,Bronx,BX2691,,Van Cortlandt Park,,9.0,0,,0,,0,,0,,0,,0,,45,36.9,29,23.8,35,28.7,4,3.3,1,0.8,8,6.6,45,,29,,35,,4,,1,,8,,,,,,,,
194,NTA2020,Bronx,BX2791,,Bronx Park,,9.0,756,56.0,176,13.0,381,28.2,26,1.9,7,0.5,5,0.4,30,43.5,6,8.7,31,44.9,0,,1,1.4,1,1.4,-726,-96.0,-170,-96.6,-350,-91.9,-26,-100.0,-6,-85.7,-4,-80.0,,,,,,,
195,NTA2020,Bronx,BX2891,,Pelham Bay Park,,9.0,149,29.1,60,11.7,264,51.6,30,5.9,1,0.2,8,1.6,12,42.9,5,17.9,5,17.9,3,10.7,0,,3,10.7,-137,-91.9,-55,-91.7,-259,-98.1,-27,-90.0,-1,-100.0,-5,-62.5,,,,,,,
196,NTA2020,Manhattan,MN0101,,Financial District-Battery Park City,,0.0,3055,7.7,25965,65.4,1288,3.2,8016,20.2,205,0.5,1170,2.9,4709,8.9,32538,61.4,1779,3.4,10813,20.4,466,0.9,2687,5.1,1654,54.1,6573,25.3,491,38.1,2797,34.9,261,127.3,1517,129.7,49.0,2314.0,56.0,0.0,MN0101,MN0101,5966.0
197,NTA2020,Manhattan,MN0102,,Tribeca-Civic Center,,0.0,1790,8.4,14841,69.8,1302,6.1,2585,12.2,138,0.6,610,2.9,2203,8.7,16769,66.0,1184,4.7,3448,13.6,269,1.1,1517,6.0,413,23.1,1928,13.0,-118,-9.1,863,33.4,131,94.9,907,148.7,115.0,310.0,0.0,120.0,MN0102,MN0102,2466.0
198,NTA2020,Manhattan,MN0191,,The Battery-Governors Island-Ellis Island-Liberty Island,,9.0,2,15.4,4,30.8,5,38.5,2,15.4,0,,0,,2,25.0,0,,1,12.5,2,25.0,0,,3,37.5,0,0.0,-4,-100.0,-4,-80.0,0,0.0,0,,3,,,,,,,,
199,NTA2020,Manhattan,MN0201,,SoHo-Little Italy-Hudson Square,,0.0,1539,6.7,13669,59.1,297,1.3,7040,30.4,95,0.4,496,2.1,2032,8.7,13642,58.6,499,2.1,5860,25.2,236,1.0,1018,4.4,493,32.0,-27,-0.2,202,68.0,-1180,-16.8,141,148.4,522,105.2,127.0,783.0,262.0,0.0,MN0201,MN0201,1174.0
200,NTA2020,Manhattan,MN0202,,Greenwich Village,,0.0,1894,5.8,25519,78.6,696,2.1,3370,10.4,164,0.5,806,2.5,2647,7.8,24718,72.4,1037,3.0,3783,11.1,298,0.9,1664,4.9,753,39.8,-801,-3.1,341,49.0,413,12.3,134,81.7,858,106.5,54.0,135.0,4.0,0.0,MN0202,MN0202,437.0
201,NTA2020,Manhattan,MN0203,,West Village,,0.0,2160,6.3,28581,83.0,657,1.9,2083,6.0,142,0.4,808,2.3,2624,7.5,27608,78.9,735,2.1,2279,6.5,294,0.8,1471,4.2,464,21.5,-973,-3.4,78,11.9,196,9.4,152,107.0,663,82.1,58.0,112.0,97.0,172.0,MN0203,MN0203,21.0
202,NTA2020,Manhattan,MN0301,,Chinatown-Two Bridges,,0.0,6246,14.2,3392,7.7,2077,4.7,31768,72.1,78,0.2,503,1.1,6697,15.7,4820,11.3,2858,6.7,27177,63.9,239,0.6,765,1.8,451,7.2,1428,42.1,781,37.6,-4591,-14.5,161,206.4,262,52.1,45.0,157.0,2776.0,0.0,MN0301,MN0301,1200.0
203,NTA2020,Manhattan,MN0302,,Lower East Side,,0.0,15930,33.6,13578,28.6,3890,8.2,13009,27.4,204,0.4,813,1.7,15075,30.7,15321,31.2,4509,9.2,12277,25.0,467,1.0,1500,3.1,-855,-5.4,1743,12.8,619,15.9,-732,-5.6,263,128.9,687,84.5,82.0,1405.0,1251.0,0.0,MN0302,MN0302,1912.0
204,NTA2020,Manhattan,MN0303,,East Village,,0.0,18018,25.1,35928,50.0,5327,7.4,10361,14.4,435,0.6,1720,2.4,16896,23.7,34907,48.9,5409,7.6,10734,15.0,719,1.0,2771,3.9,-1122,-6.2,-1021,-2.8,82,1.5,373,3.6,284,65.3,1051,61.1,154.0,586.0,173.0,170.0,MN0303,MN0303,1485.0
205,NTA2020,Manhattan,MN0401,,Chelsea-Hudson Yards,,0.0,9157,16.5,34899,63.0,3438,6.2,6306,11.4,316,0.6,1256,2.3,12024,17.2,38835,55.7,4830,6.9,10489,15.0,691,1.0,2872,4.1,2867,31.3,3936,11.3,1392,40.5,4183,66.3,375,118.7,1616,128.7,166.0,4349.0,7285.0,1200.0,MN0401,MN0401,7659.0
206,NTA2020,Manhattan,MN0402,,Hell's Kitchen,,0.0,8877,19.3,25891,56.4,2869,6.3,6886,15.0,282,0.6,1079,2.4,10980,18.4,29455,49.5,4164,7.0,12011,20.2,544,0.9,2370,4.0,2103,23.7,3564,13.8,1295,45.1,5125,74.4,262,92.9,1291,119.6,115.0,1586.0,2199.0,975.0,MN0402,MN0402,7232.0
207,NTA2020,Manhattan,MN0501,,Midtown South-Flatiron-Union Square,,0.0,1890,7.4,17735,69.5,1030,4.0,4212,16.5,99,0.4,564,2.2,4143,12.5,19546,58.8,2039,6.1,5779,17.4,350,1.1,1357,4.1,2253,119.2,1811,10.2,1009,98.0,1567,37.2,251,253.5,793,140.6,101.0,1299.0,168.0,0.0,MN0501,MN0501,3534.0
208,NTA2020,Manhattan,MN0502,,Midtown-Times Square,,0.0,1730,8.2,13767,65.1,955,4.5,4191,19.8,108,0.5,389,1.8,3278,12.8,13375,52.3,2419,9.5,5437,21.3,228,0.9,838,3.3,1548,89.5,-392,-2.8,1464,153.3,1246,29.7,120,111.1,449,115.4,40.0,512.0,1507.0,0.0,MN0502,MN0502,1865.0
209,NTA2020,Manhattan,MN0601,,Stuyvesant Town-Peter Cooper Village,,0.0,1405,6.7,15600,74.1,751,3.6,2662,12.6,92,0.4,539,2.6,2012,8.9,14758,65.6,707,3.1,3661,16.3,210,0.9,1164,5.2,607,43.2,-842,-5.4,-44,-5.9,999,37.5,118,128.3,625,116.0,6.0,0.0,0.0,0.0,MN0601,MN0601,16.0
210,NTA2020,Manhattan,MN0602,,Gramercy,,0.0,2023,7.2,20623,73.7,923,3.3,3740,13.4,106,0.4,573,2.0,2559,8.9,19499,68.1,1080,3.8,3979,13.9,330,1.2,1181,4.1,536,26.5,-1124,-5.5,157,17.0,239,6.4,224,211.3,608,106.1,44.0,454.0,55.0,0.0,MN0602,MN0602,618.0
211,NTA2020,Manhattan,MN0603,,Murray Hill-Kips Bay,,0.0,5395,9.4,38073,66.6,2534,4.4,9669,16.9,300,0.5,1153,2.0,6501,10.2,37987,59.8,3035,4.8,13029,20.5,608,1.0,2360,3.7,1106,20.5,-86,-0.2,501,19.8,3360,34.8,308,102.7,1207,104.7,64.0,919.0,860.0,860.0,MN0603,MN0603,2959.0
212,NTA2020,Manhattan,MN0604,,East Midtown-Turtle Bay,,0.0,2360,5.7,32831,78.9,864,2.1,4719,11.3,166,0.4,647,1.6,3198,7.0,32190,70.3,912,2.0,7531,16.5,380,0.8,1554,3.4,838,35.5,-641,-2.0,48,5.6,2812,59.6,214,128.9,907,140.2,53.0,828.0,97.0,0.0,MN0604,MN0604,824.0
213,NTA2020,Manhattan,MN0661,,United Nations,,6.0,0,,0,,0,,0,,0,,0,,0,,0,,0,,0,,0,,0,,0,,0,,0,,0,,0,,0,,,,,,,,
214,NTA2020,Manhattan,MN0701,,Upper West Side-Lincoln Square,,0.0,5317,8.6,45103,73.4,2710,4.4,6916,11.2,247,0.4,1196,1.9,7152,10.1,47001,66.5,2820,4.0,10106,14.3,677,1.0,2941,4.2,1835,34.5,1898,4.2,110,4.1,3190,46.1,430,174.1,1745,145.9,50.0,509.0,0.0,0.0,MN0701,MN0701,4522.0
215,NTA2020,Manhattan,MN0702,,Upper West Side (Central),,0.0,12256,12.4,72395,73.2,6040,6.1,5752,5.8,458,0.5,1959,2.0,12985,12.8,69846,68.6,5805,5.7,7710,7.6,978,1.0,4443,4.4,729,5.9,-2549,-3.5,-235,-3.9,1958,34.0,520,113.5,2484,126.8,78.0,425.0,171.0,0.0,MN0702,MN0702,-9.0
216,NTA2020,Manhattan,MN0703,,Upper West Side-Manhattan Valley,,0.0,13999,27.6,24599,48.5,7180,14.2,3629,7.2,254,0.5,1063,2.1,12952,25.0,24339,47.0,6402,12.4,5443,10.5,531,1.0,2084,4.0,-1047,-7.5,-260,-1.1,-778,-10.8,1814,50.0,277,109.1,1021,96.0,41.0,394.0,878.0,0.0,MN0703,MN0703,535.0
217,NTA2020,Manhattan,MN0801,,Upper East Side-Lenox Hill-Roosevelt Island,,0.0,5862,7.3,60831,75.3,3571,4.4,8569,10.6,380,0.5,1558,1.9,6796,7.9,59223,69.2,2688,3.1,12699,14.8,816,1.0,3305,3.9,934,15.9,-1608,-2.6,-883,-24.7,4130,48.2,436,114.7,1747,112.1,46.0,205.0,1094.0,0.0,MN0801,MN0801,1242.0
218,NTA2020,Manhattan,MN0802,,Upper East Side-Carnegie Hill,,0.0,2834,4.6,53647,87.6,669,1.1,3052,5.0,161,0.3,844,1.4,3522,5.6,51553,82.6,601,1.0,4412,7.1,401,0.6,1921,3.1,688,24.3,-2094,-3.9,-68,-10.2,1360,44.6,240,149.1,1077,127.6,76.0,210.0,5.0,0.0,MN0802,MN0802,-271.0
219,NTA2020,Manhattan,MN0803,,Upper East Side-Yorkville,,0.0,6867,8.8,59233,76.0,2858,3.7,7226,9.3,292,0.4,1466,1.9,8199,9.8,59630,70.9,2968,3.5,9425,11.2,572,0.7,3252,3.9,1332,19.4,397,0.7,110,3.8,2199,30.4,280,95.9,1786,121.8,52.0,817.0,1133.0,0.0,MN0803,MN0803,-13.0
220,NTA2020,Manhattan,MN0901,,Morningside Heights,,0.0,7365,19.0,18388,47.5,5545,14.3,5969,15.4,241,0.6,1215,3.1,7549,19.4,15682,40.3,5276,13.6,8063,20.7,521,1.3,1774,4.6,184,2.5,-2706,-14.7,-269,-4.9,2094,35.1,280,116.2,559,46.0,21.0,524.0,0.0,453.0,MN0901,MN0901,1158.0
221,NTA2020,Manhattan,MN0902,,Manhattanville-West Harlem,,0.0,14413,62.8,1710,7.5,5918,25.8,496,2.2,158,0.7,255,1.1,12000,54.1,3187,14.4,5120,23.1,1036,4.7,255,1.1,585,2.6,-2413,-16.7,1477,86.4,-798,-13.5,540,108.9,97,61.4,330,129.4,17.0,137.0,40.0,0.0,MN0902,MN0902,44.0
222,NTA2020,Manhattan,MN0903,,Hamilton Heights-Sugar Hill,,0.0,25324,52.2,5287,10.9,15646,32.2,1067,2.2,312,0.6,884,1.8,22974,46.5,9421,19.1,12926,26.2,1685,3.4,532,1.1,1872,3.8,-2350,-9.3,4134,78.2,-2720,-17.4,618,57.9,220,70.5,988,111.8,110.0,574.0,125.0,0.0,MN0903,MN0903,653.0
223,NTA2020,Manhattan,MN1001,,Harlem (South),,0.0,9145,21.1,6978,16.1,24241,55.9,1536,3.5,314,0.7,1169,2.7,9894,21.0,11122,23.6,20323,43.1,2707,5.7,593,1.3,2474,5.3,749,8.2,4144,59.4,-3918,-16.2,1171,76.2,279,88.9,1305,111.6,201.0,1331.0,994.0,0.0,MN1001,MN1001,1376.0
224,NTA2020,Manhattan,MN1002,,Harlem (North),,0.0,16547,22.9,4072,5.6,48617,67.2,1251,1.7,450,0.6,1403,1.9,21010,25.2,8656,10.4,47287,56.7,2341,2.8,899,1.1,3134,3.8,4463,27.0,4584,112.6,-1330,-2.7,1090,87.1,449,99.8,1731,123.4,275.0,805.0,373.0,1200.0,MN1002,MN1002,1866.0
225,NTA2020,Manhattan,MN1101,,East Harlem (South),,0.0,27499,47.5,10072,17.4,14227,24.6,4802,8.3,369,0.6,933,1.6,25673,42.9,11964,20.0,13170,22.0,6717,11.2,571,1.0,1719,2.9,-1826,-6.6,1892,18.8,-1057,-7.4,1915,39.9,202,54.7,786,84.2,81.0,1896.0,2877.0,0.0,MN1101,MN1101,2690.0
226,NTA2020,Manhattan,MN1102,,East Harlem (North),,0.0,31242,51.2,4208,6.9,22502,36.9,1818,3.0,343,0.6,848,1.4,30604,47.3,6731,10.4,21520,33.3,3095,4.8,670,1.0,2035,3.1,-638,-2.0,2523,60.0,-982,-4.4,1277,70.2,327,95.3,1187,140.0,177.0,1814.0,3660.0,0.0,MN1102,MN1102,2629.0
227,NTA2020,Manhattan,MN1191,,Randall's Island,,9.0,549,33.3,162,9.8,861,52.2,34,2.1,10,0.6,32,1.9,466,35.8,170,13.1,621,47.7,13,1.0,8,0.6,24,1.8,-83,-15.1,8,4.9,-240,-27.9,-21,-61.8,-2,-20.0,-8,-25.0,,,,,,,
228,NTA2020,Manhattan,MN1201,,Washington Heights (South),,0.0,57882,74.8,7654,9.9,8620,11.1,2099,2.7,399,0.5,763,1.0,48447,67.3,10886,15.1,7641,10.6,2835,3.9,650,0.9,1578,2.2,-9435,-16.3,3232,42.2,-979,-11.4,736,35.1,251,62.9,815,106.8,53.0,312.0,0.0,0.0,MN1201,MN1201,363.0
229,NTA2020,Manhattan,MN1202,,Washington Heights (North),,0.0,49059,66.2,19152,25.8,2945,4.0,1905,2.6,313,0.4,783,1.1,43832,61.0,20269,28.2,3182,4.4,2141,3.0,698,1.0,1720,2.4,-5227,-10.7,1117,5.8,237,8.0,236,12.4,385,123.0,937,119.7,41.0,630.0,125.0,0.0,MN1202,MN1202,247.0
230,NTA2020,Manhattan,MN1203,,Inwood,,0.0,27952,73.0,6592,17.2,2357,6.2,790,2.1,206,0.5,386,1.0,24951,68.7,7067,19.5,2331,6.4,775,2.1,330,0.9,845,2.3,-3001,-10.7,475,7.2,-26,-1.1,-15,-1.9,124,60.2,459,118.9,24.0,1021.0,962.0,0.0,MN1203,MN1203,64.0
231,NTA2020,Manhattan,MN1291,,Highbridge Park,,9.0,2,100.0,0,,0,,0,,0,,0,,8,66.7,0,,2,16.7,0,,1,8.3,1,8.3,6,300.0,0,,2,,0,,1,,1,,,,,,,,
232,NTA2020,Manhattan,MN1292,,Inwood Hill Park,,9.0,81,50.3,44,27.3,32,19.9,0,,2,1.2,2,1.2,6,37.5,0,,5,31.3,0,,0,,5,31.3,-75,-92.6,-44,-100.0,-27,-84.4,0,,-2,-100.0,3,150.0,,,,,,,
233,NTA2020,Manhattan,MN6491,,Central Park,,9.0,6,24.0,2,8.0,16,64.0,0,,1,4.0,0,,32,24.8,32,24.8,49,38.0,2,1.6,5,3.9,9,7.0,26,433.3,30,1500.0,33,206.3,2,,4,400.0,9,,,,,,,,
234,NTA2020,Queens,QN0101,,Astoria (North)-Ditmars-Steinway,,0.0,9226,19.4,31163,65.6,850,1.8,4972,10.5,403,0.8,920,1.9,9929,19.8,31539,62.8,1214,2.4,5089,10.1,636,1.3,1818,3.6,703,7.6,376,1.2,364,42.8,117,2.4,233,57.8,898,97.6,243.0,507.0,283.0,0.0,QN0101,QN0101,545.0
235,NTA2020,Queens,QN0102,,Old Astoria-Hallets Point,,0.0,6434,39.0,4604,27.9,2614,15.9,2216,13.4,264,1.6,355,2.2,6200,32.8,6286,33.2,2659,14.0,2635,13.9,386,2.0,761,4.0,-234,-3.6,1682,36.5,45,1.7,419,18.9,122,46.2,406,114.4,134.0,2189.0,1547.0,0.0,QN0102,QN0102,1792.0
236,NTA2020,Queens,QN0103,,Astoria (Central),,0.0,12142,24.3,26031,52.2,840,1.7,9091,18.2,638,1.3,1131,2.3,11915,22.8,27306,52.3,939,1.8,8982,17.2,805,1.5,2273,4.4,-227,-1.9,1275,4.9,99,11.8,-109,-1.2,167,26.2,1142,101.0,319.0,1138.0,2422.0,0.0,QN0103,QN0103,2258.0
237,NTA2020,Queens,QN0104,,Astoria (East)-Woodside (North),,0.0,11039,28.2,18477,47.2,1780,4.6,6426,16.4,568,1.5,830,2.1,10501,27.2,17553,45.4,1771,4.6,6419,16.6,712,1.8,1717,4.4,-538,-4.9,-924,-5.0,-9,-0.5,-7,-0.1,144,25.4,887,106.9,177.0,406.0,664.0,0.0,QN0104,QN0104,351.0
238,NTA2020,Queens,QN0105,,Queensbridge-Ravenswood-Dutch Kills,,0.0,10083,37.4,5469,20.3,6447,23.9,4087,15.1,380,1.4,523,1.9,10257,31.1,7633,23.2,6519,19.8,6799,20.6,486,1.5,1260,3.8,174,1.7,2164,39.6,72,1.1,2712,66.4,106,27.9,737,140.9,116.0,2359.0,2065.0,0.0,QN0105,QN0105,3263.0
239,NTA2020,Bronx,QN0151,,Rikers Island,,5.0,3779,34.1,782,7.1,6206,56.0,32,0.3,289,2.6,3,0.0,1259,33.4,260,6.9,2172,57.6,59,1.6,12,0.3,10,0.3,-2520,-66.7,-522,-66.8,-4034,-65.0,27,84.4,-277,-95.8,7,233.3,,,,,,,
240,NTA2020,Queens,QN0161,,Sunnyside Yards (North),,6.0,2,25.0,4,50.0,0,,2,25.0,0,,0,,9,33.3,1,3.7,7,25.9,6,22.2,0,,4,14.8,7,350.0,-3,-75.0,7,,4,200.0,0,,4,,,,,,,,
241,NTA2020,Queens,QN0171,,St. Michael's Cemetery,,7.0,0,,0,,0,,0,,0,,0,,3,60.0,0,,0,,0,,0,,2,40.0,3,,0,,0,,0,,0,,2,,,,,,,,
242,NTA2020,Queens,QN0191,,Astoria Park,,9.0,0,,1,33.3,1,33.3,1,33.3,0,,0,,0,,0,,0,,0,,0,,0,,0,,-1,-100.0,-1,-100.0,-1,-100.0,0,,0,,,,,,,,
243,NTA2020,Queens,QN0201,,Long Island City-Hunters Point,,0.0,1873,17.3,6024,55.7,488,4.5,2059,19.0,95,0.9,276,2.6,3881,12.0,14346,44.5,1110,3.4,10927,33.9,485,1.5,1467,4.6,2008,107.2,8322,138.1,622,127.5,8868,430.7,390,410.5,1191,431.5,196.0,8603.0,1446.0,4124.0,QN0201,QN0201,12751.0
244,NTA2020,Queens,QN0202,,Sunnyside,,0.0,20119,38.4,16392,31.3,1100,2.1,13326,25.4,438,0.8,1066,2.0,18957,36.3,16395,31.4,1716,3.3,13123,25.1,621,1.2,1466,2.8,-1162,-5.8,3,0.0,616,56.0,-203,-1.5,183,41.8,400,37.5,67.0,534.0,61.0,0.0,QN0202,QN0202,184.0
245,NTA2020,Queens,QN0203,,Woodside,,0.0,17160,34.5,10003,20.1,543,1.1,20739,41.7,249,0.5,1027,2.1,17750,33.4,8497,16.0,940,1.8,24634,46.3,455,0.9,912,1.7,590,3.4,-1506,-15.1,397,73.1,3895,18.8,206,82.7,-115,-11.2,207.0,1032.0,525.0,0.0,QN0203,QN0203,579.0
246,NTA2020,Queens,QN0261,,Sunnyside Yards (South),,6.0,0,,0,,0,,0,,0,,0,,11,30.6,8,22.2,9,25.0,3,8.3,0,,5,13.9,11,,8,,9,,3,,0,,5,,2.0,0.0,376.0,0.0,QN0261,QN0261,0.0
247,NTA2020,Queens,QN0271,,Calvary & Mount Zion Cemeteries,,7.0,26,96.3,0,,0,,0,,0,,1,3.7,0,,0,,0,,0,,0,,0,,-26,-100.0,0,,0,,0,,0,,-1,-100.0,,,,,,,
248,NTA2020,Queens,QN0301,,Jackson Heights,,0.0,56445,56.0,17860,17.7,1692,1.7,22609,22.4,664,0.7,1596,1.6,54270,53.3,15306,15.0,1602,1.6,27581,27.1,1255,1.2,1834,1.8,-2175,-3.9,-2554,-14.3,-90,-5.3,4972,22.0,591,89.0,238,14.9,164.0,261.0,0.0,212.0,QN0301,QN0301,233.0
249,NTA2020,Queens,QN0302,,East Elmhurst,,0.0,19367,63.6,1799,5.9,6387,21.0,2195,7.2,279,0.9,409,1.3,21630,64.4,1758,5.2,4981,14.8,4152,12.4,519,1.5,533,1.6,2263,11.7,-41,-2.3,-1406,-22.0,1957,89.2,240,86.0,124,30.3,211.0,478.0,34.0,0.0,QN0302,QN0302,316.0
250,NTA2020,Queens,QN0303,,North Corona,,0.0,34270,85.4,673,1.7,2601,6.5,2069,5.2,295,0.7,204,0.5,37491,86.3,559,1.3,2101,4.8,2542,5.9,428,1.0,313,0.7,3221,9.4,-114,-16.9,-500,-19.2,473,22.9,133,45.1,109,53.4,207.0,426.0,0.0,0.0,QN0303,QN0303,707.0
251,NTA2020,Queens,QN0401,,Elmhurst,,0.0,43916,42.4,7328,7.1,1277,1.2,48664,47.0,551,0.5,1758,1.7,42599,39.5,5534,5.1,1617,1.5,55785,51.7,901,0.8,1428,1.3,-1317,-3.0,-1794,-24.5,340,26.6,7121,14.6,350,63.5,-330,-18.8,422.0,1547.0,347.0,0.0,QN0401,QN0401,1475.0
252,NTA2020,Queens,QN0402,,Corona,,0.0,46467,66.8,5107,7.3,7810,11.2,8874,12.8,547,0.8,778,1.1,51530,69.8,3881,5.3,6072,8.2,10561,14.3,801,1.1,977,1.3,5063,10.9,-1226,-24.0,-1738,-22.3,1687,19.0,254,46.4,199,25.6,364.0,423.0,18.0,0.0,QN0402,QN0402,868.0
253,NTA2020,Queens,QN0501,,Maspeth,,0.0,10507,26.8,23798,60.8,351,0.9,4006,10.2,182,0.5,316,0.8,13959,32.3,20731,47.9,607,1.4,6916,16.0,409,0.9,635,1.5,3452,32.9,-3067,-12.9,256,72.9,2910,72.6,227,124.7,319,100.9,191.0,94.0,0.0,0.0,QN0501,QN0501,224.0
254,NTA2020,Queens,QN0502,,Ridgewood,,0.0,32536,48.8,26472,39.7,1306,2.0,5286,7.9,306,0.5,742,1.1,29260,44.1,26843,40.4,1963,3.0,6007,9.0,732,1.1,1597,2.4,-3276,-10.1,371,1.4,657,50.3,721,13.6,426,139.2,855,115.2,171.0,559.0,16.0,0.0,QN0502,QN0502,895.0
255,NTA2020,Queens,QN0503,,Glendale,,0.0,10855,33.4,19793,60.9,384,1.2,1004,3.1,150,0.5,310,1.0,14109,40.2,17725,50.4,822,2.3,1587,4.5,287,0.8,605,1.7,3254,30.0,-2068,-10.4,438,114.1,583,58.1,137,91.3,295,95.2,46.0,100.0,0.0,0.0,QN0503,QN0503,0.0
256,NTA2020,Queens,QN0504,,Middle Village,,0.0,5033,15.8,23413,73.4,330,1.0,2773,8.7,102,0.3,266,0.8,7190,20.9,20970,60.8,545,1.6,4813,14.0,241,0.7,715,2.1,2157,42.9,-2443,-10.4,215,65.2,2040,73.6,139,136.3,449,168.8,107.0,62.0,2.0,0.0,QN0504,QN0504,207.0
257,NTA2020,Queens,QN0571,,Mount Olivet & All Faiths Cemeteries,,7.0,6,24.0,15,60.0,0,,4,16.0,0,,0,,0,,3,100.0,0,,0,,0,,0,,-6,-100.0,-12,-80.0,0,,-4,-100.0,0,,0,,,,,,,,
258,NTA2020,Queens,QN0572,,Middle Village Cemetery,,7.0,4,21.1,15,78.9,0,,0,,0,,0,,0,,0,,0,,0,,0,,0,,-4,-100.0,-15,-100.0,0,,0,,0,,0,,,,,,,,
259,NTA2020,Queens,QN0573,,St. John Cemetery,,7.0,0,,0,,0,,0,,0,,0,,2,66.7,0,,0,,0,,0,,1,33.3,2,,0,,0,,0,,0,,1,,,,,,,,
260,NTA2020,Queens,QN0574,,Highland Park-Cypress Hills Cemeteries (North),,7.0,26,35.6,30,41.1,2,2.7,11,15.1,0,,4,5.5,5,25.0,10,50.0,0,,0,,1,5.0,4,20.0,-21,-80.8,-20,-66.7,-2,-100.0,-11,-100.0,1,,0,0.0,,,,,,,
261,NTA2020,Queens,QN0601,,Rego Park,,0.0,4682,16.6,13068,46.2,698,2.5,8966,31.7,172,0.6,674,2.4,6047,19.7,11007,35.8,854,2.8,11112,36.1,462,1.5,1259,4.1,1365,29.2,-2061,-15.8,156,22.3,2146,23.9,290,168.6,585,86.8,78.0,559.0,826.0,0.0,QN0601,QN0601,747.0
262,NTA2020,Queens,QN0602,,Forest Hills,,0.0,10410,12.4,48822,58.3,2086,2.5,20233,24.2,458,0.5,1719,2.1,13547,15.2,41572,46.7,2588,2.9,26029,29.3,1161,1.3,4068,4.6,3137,30.1,-7250,-14.8,502,24.1,5796,28.6,703,153.5,2349,136.6,152.0,1074.0,936.0,0.0,QN0602,QN0602,369.0
263,NTA2020,Queens,QN0701,,College Point,,0.0,9418,33.3,10010,35.4,599,2.1,7620,27.0,152,0.5,447,1.6,13471,40.1,7176,21.3,687,2.0,11525,34.3,244,0.7,522,1.6,4053,43.0,-2834,-28.3,88,14.7,3905,51.2,92,60.5,75,16.8,317.0,152.0,48.0,0.0,QN0701,QN0701,623.0
264,NTA2020,Queens,QN0702,,Whitestone-Beechhurst,,0.0,3000,11.2,18703,69.8,194,0.7,4516,16.8,83,0.3,306,1.1,4401,15.5,15774,55.5,240,0.8,7430,26.2,170,0.6,393,1.4,1401,46.7,-2929,-15.7,46,23.7,2914,64.5,87,104.8,87,28.4,288.0,100.0,0.0,0.0,QN0702,QN0702,170.0
265,NTA2020,Queens,QN0703,,Bay Terrace-Clearview,,0.0,1855,8.5,14879,68.4,283,1.3,4446,20.4,42,0.2,246,1.1,2737,11.8,12436,53.4,341,1.5,7217,31.0,145,0.6,411,1.8,882,47.5,-2443,-16.4,58,20.5,2771,62.3,103,245.2,165,67.1,84.0,105.0,0.0,0.0,QN0703,QN0703,37.0
266,NTA2020,Queens,QN0704,,Murray Hill-Broadway Flushing,,0.0,8814,15.8,15904,28.4,911,1.6,29284,52.3,171,0.3,867,1.5,9328,16.3,11372,19.8,875,1.5,34762,60.6,328,0.6,722,1.3,514,5.8,-4532,-28.5,-36,-4.0,5478,18.7,157,91.8,-145,-16.7,241.0,543.0,410.0,0.0,QN0704,QN0704,537.0
267,NTA2020,Queens,QN0705,,East Flushing,,0.0,5932,18.4,5694,17.6,1049,3.2,18921,58.6,138,0.4,566,1.8,6347,18.3,3502,10.1,795,2.3,23494,67.7,154,0.4,412,1.2,415,7.0,-2192,-38.5,-254,-24.2,4573,24.2,16,11.6,-154,-27.2,346.0,284.0,0.0,0.0,QN0705,QN0705,353.0
268,NTA2020,Queens,QN0706,,Queensboro Hill,,0.0,2930,14.1,3597,17.3,246,1.2,13526,65.0,63,0.3,436,2.1,3814,16.1,2181,9.2,317,1.3,16896,71.5,184,0.8,246,1.0,884,30.2,-1416,-39.4,71,28.9,3370,24.9,121,192.1,-190,-43.6,400.0,90.0,0.0,0.0,QN0706,QN0706,404.0
269,NTA2020,Queens,QN0707,,Flushing-Willets Point,,0.0,9225,14.8,4832,7.7,2240,3.6,44689,71.5,292,0.5,1200,1.9,8891,12.7,3466,5.0,2176,3.1,54191,77.5,373,0.5,782,1.1,-334,-3.6,-1366,-28.3,-64,-2.9,9502,21.3,81,27.7,-418,-34.8,255.0,3011.0,2051.0,0.0,QN0707,QN0707,2779.0
270,NTA2020,Queens,QN0761,,Fort Totten,,6.0,0,,0,,0,,0,,0,,0,,0,,0,,0,,0,,0,,0,,0,,0,,0,,0,,0,,0,,,,,,,,
271,NTA2020,Queens,QN0791,,Kissena Park,,9.0,0,,0,,0,,0,,0,,0,,0,,0,,0,,1,50.0,1,50.0,0,,0,,0,,0,,1,,1,,0,,,,,,,,
272,NTA2020,Queens,QN0801,,Kew Gardens Hills,,0.0,4960,14.5,19630,57.3,2305,6.7,6160,18.0,189,0.6,1034,3.0,5180,14.4,17243,47.9,2247,6.2,9706,27.0,531,1.5,1102,3.1,220,4.4,-2387,-12.2,-58,-2.5,3546,57.6,342,181.0,68,6.6,92.0,344.0,569.0,0.0,QN0801,QN0801,76.0
273,NTA2020,Queens,QN0802,,Pomonok-Electchester-Hillcrest,,0.0,6184,18.3,11165,33.1,4915,14.6,10310,30.6,239,0.7,891,2.6,7978,22.4,9055,25.4,4898,13.7,12061,33.8,514,1.4,1163,3.3,1794,29.0,-2110,-18.9,-17,-0.3,1751,17.0,275,115.1,272,30.5,180.0,888.0,39.0,0.0,QN0802,QN0802,418.0
274,NTA2020,Queens,QN0803,,Fresh Meadows-Utopia,,0.0,2151,10.1,7171,33.6,1394,6.5,10105,47.3,119,0.6,405,1.9,2973,12.7,5970,25.5,1374,5.9,12319,52.6,232,1.0,566,2.4,822,38.2,-1201,-16.7,-20,-1.4,2214,21.9,113,95.0,161,39.8,77.0,38.0,0.0,0.0,QN0803,QN0803,80.0
275,NTA2020,Queens,QN0804,,Jamaica Estates-Holliswood,,0.0,3217,14.5,6213,28.0,6023,27.2,5513,24.9,462,2.1,742,3.3,3495,14.8,5357,22.7,5652,24.0,7345,31.2,820,3.5,907,3.8,278,8.6,-856,-13.8,-371,-6.2,1832,33.2,358,77.5,165,22.2,110.0,256.0,48.0,0.0,QN0804,QN0804,251.0
276,NTA2020,Queens,QN0805,,Jamaica Hills-Briarwood,,0.0,8699,23.8,8177,22.4,4239,11.6,13044,35.7,907,2.5,1434,3.9,9356,23.8,6413,16.3,4303,11.0,16609,42.3,1096,2.8,1515,3.9,657,7.6,-1764,-21.6,64,1.5,3565,27.3,189,20.8,81,5.6,134.0,273.0,0.0,0.0,QN0805,QN0805,561.0
277,NTA2020,Queens,QN0871,,Mount Hebron & Cedar Grove Cemeteries,,7.0,1,100.0,0,,0,,0,,0,,0,,0,,0,,0,,0,,0,,1,100.0,-1,-100.0,0,,0,,0,,0,,1,,,,,,,,
278,NTA2020,Queens,QN0891,,Cunningham Park,,9.0,4,5.5,55,75.3,2,2.7,12,16.4,0,,0,,1,20.0,0,,2,40.0,2,40.0,0,,0,,-3,-75.0,-55,-100.0,0,0.0,-10,-83.3,0,,0,,,,,,,,
279,NTA2020,Queens,QN0901,,Kew Gardens,,0.0,5651,24.3,11478,49.3,1515,6.5,3628,15.6,305,1.3,701,3.0,6628,27.2,9744,40.0,1896,7.8,4464,18.3,572,2.3,1067,4.4,977,17.3,-1734,-15.1,381,25.1,836,23.0,267,87.5,366,52.2,56.0,283.0,0.0,0.0,QN0901,QN0901,410.0
280,NTA2020,Queens,QN0902,,Richmond Hill,,0.0,14635,44.4,5052,15.3,2988,9.1,7161,21.7,1551,4.7,1564,4.7,15765,46.2,4005,11.7,2621,7.7,7680,22.5,2368,6.9,1661,4.9,1130,7.7,-1047,-20.7,-367,-12.3,519,7.2,817,52.7,97,6.2,86.0,130.0,0.0,0.0,QN0902,QN0902,273.0
281,NTA2020,Queens,QN0903,,South Richmond Hill,,0.0,5877,24.3,1184,4.9,3372,14.0,8726,36.1,2856,11.8,2150,8.9,5315,22.0,970,4.0,2305,9.5,9648,40.0,3796,15.7,2107,8.7,-562,-9.6,-214,-18.1,-1067,-31.6,922,10.6,940,32.9,-43,-2.0,111.0,226.0,0.0,0.0,QN0903,QN0903,141.0
282,NTA2020,Queens,QN0904,,Ozone Park (North),,0.0,10816,44.8,3548,14.7,2156,8.9,5265,21.8,1283,5.3,1090,4.5,11203,41.0,2584,9.5,1631,6.0,8655,31.7,1759,6.4,1480,5.4,387,3.6,-964,-27.2,-525,-24.4,3390,64.4,476,37.1,390,35.8,85.0,113.0,236.0,0.0,QN0904,QN0904,91.0
283,NTA2020,Queens,QN0905,,Woodhaven,,0.0,21622,56.3,7092,18.5,1902,5.0,5956,15.5,866,2.3,944,2.5,24618,58.7,5682,13.5,1705,4.1,7716,18.4,1223,2.9,1004,2.4,2996,13.9,-1410,-19.9,-197,-10.4,1760,29.6,357,41.2,60,6.4,74.0,98.0,0.0,0.0,QN0905,QN0905,33.0
284,NTA2020,Queens,QN1001,,South Ozone Park,,0.0,15945,21.0,5213,6.9,19477,25.7,17691,23.3,9215,12.1,8337,11.0,14769,18.6,4091,5.1,15595,19.6,20619,25.9,14798,18.6,9668,12.2,-1176,-7.4,-1122,-21.5,-3882,-19.9,2928,16.6,5583,60.6,1331,16.0,370.0,155.0,10.0,0.0,QN1001,QN1001,306.0
285,NTA2020,Queens,QN1002,,Ozone Park,,0.0,8112,37.9,6511,30.5,1188,5.6,4143,19.4,643,3.0,779,3.6,9044,38.5,4553,19.4,1600,6.8,6274,26.7,1160,4.9,887,3.8,932,11.5,-1958,-30.1,412,34.7,2131,51.4,517,80.4,108,13.9,96.0,87.0,0.0,0.0,QN1002,QN1002,95.0
286,NTA2020,Queens,QN1003,,Howard Beach-Lindenwood,,0.0,4399,16.8,20068,76.8,410,1.6,922,3.5,95,0.4,249,1.0,6865,25.1,17123,62.7,842,3.1,1584,5.8,297,1.1,609,2.2,2466,56.1,-2945,-14.7,432,105.4,662,71.8,202,212.6,360,144.6,113.0,125.0,360.0,0.0,QN1003,QN1003,132.0
287,NTA2020,Queens,QN1091,,Spring Creek Park,,9.0,0,,1,20.0,3,60.0,1,20.0,0,,0,,0,,0,,0,,0,,0,,0,,0,,-1,-100.0,-3,-100.0,-1,-100.0,0,,0,,,,,,,,
288,NTA2020,Queens,QN1101,,Auburndale,,0.0,4170,12.3,15658,46.3,464,1.4,12979,38.4,94,0.3,440,1.3,5159,14.3,11452,31.7,550,1.5,18220,50.4,227,0.6,574,1.6,989,23.7,-4206,-26.9,86,18.5,5241,40.4,133,141.5,134,30.5,276.0,101.0,0.0,0.0,QN1101,QN1101,278.0
289,NTA2020,Queens,QN1102,,Bayside,,0.0,3595,10.3,15182,43.7,943,2.7,14449,41.6,101,0.3,472,1.4,4163,11.7,11708,32.9,806,2.3,18076,50.8,189,0.5,646,1.8,568,15.8,-3474,-22.9,-137,-14.5,3627,25.1,88,87.1,174,36.9,274.0,166.0,0.0,0.0,QN1102,QN1102,217.0
290,NTA2020,Queens,QN1103,,Douglaston-Little Neck,,0.0,2015,8.1,13195,53.3,317,1.3,8818,35.6,86,0.3,308,1.2,2488,9.8,10340,40.9,408,1.6,11354,44.9,142,0.6,530,2.1,473,23.5,-2855,-21.6,91,28.7,2536,28.8,56,65.1,222,72.1,221.0,117.0,419.0,0.0,QN1103,QN1103,110.0
291,NTA2020,Queens,QN1104,,Oakland Gardens-Hollis Hills,,0.0,2037,8.7,10878,46.3,673,2.9,9492,40.4,69,0.3,345,1.5,2712,10.7,8487,33.6,881,3.5,12329,48.8,211,0.8,629,2.5,675,33.1,-2391,-22.0,208,30.9,2837,29.9,142,205.8,284,82.3,172.0,42.0,0.0,0.0,QN1104,QN1104,134.0
292,NTA2020,Queens,QN1191,,Alley Pond Park,,9.0,8,11.1,57,79.2,6,8.3,1,1.4,0,,0,,16,18.8,63,74.1,0,,4,4.7,1,1.2,1,1.2,8,100.0,6,10.5,-6,-100.0,3,300.0,1,,1,,,,,,,,
293,NTA2020,Queens,QN1201,,Jamaica,,0.0,21254,39.4,2068,3.8,11702,21.7,13298,24.7,3075,5.7,2486,4.6,20859,34.2,2001,3.3,10614,17.4,21263,34.9,3481,5.7,2775,4.5,-395,-1.9,-67,-3.2,-1088,-9.3,7965,59.9,406,13.2,289,11.6,263.0,4757.0,374.0,0.0,QN1201,QN1201,2851.0
294,NTA2020,Queens,QN1202,,South Jamaica,,0.0,5749,15.6,352,1.0,26449,71.6,1964,5.3,1289,3.5,1135,3.1,8039,18.1,514,1.2,23161,52.2,7240,16.3,2750,6.2,2697,6.1,2290,39.8,162,46.0,-3288,-12.4,5276,268.6,1461,113.3,1562,137.6,287.0,172.0,198.0,0.0,QN1202,QN1202,363.0
295,NTA2020,Queens,QN1203,,Baisley Park,,0.0,4107,10.9,307,0.8,29332,77.8,1619,4.3,1143,3.0,1191,3.2,6074,14.1,611,1.4,25894,60.1,3804,8.8,3250,7.5,3457,8.0,1967,47.9,304,99.0,-3438,-11.7,2185,135.0,2107,184.3,2266,190.3,326.0,152.0,125.0,0.0,QN1203,QN1203,294.0
296,NTA2020,Queens,QN1204,,Springfield Gardens (North)-Rochdale Village,,0.0,1972,6.9,215,0.8,25320,88.7,235,0.8,211,0.7,584,2.0,2985,9.1,353,1.1,26651,81.0,699,2.1,638,1.9,1557,4.7,1013,51.4,138,64.2,1331,5.3,464,197.4,427,202.4,973,166.6,199.0,67.0,0.0,0.0,QN1204,QN1204,717.0
297,NTA2020,Queens,QN1205,,St. Albans,,0.0,3004,6.3,494,1.0,42382,88.6,511,1.1,422,0.9,1018,2.1,4882,9.4,617,1.2,40664,78.5,1764,3.4,1158,2.2,2731,5.3,1878,62.5,123,24.9,-1718,-4.1,1253,245.2,736,174.4,1713,168.3,220.0,117.0,0.0,0.0,QN1205,QN1205,257.0
298,NTA2020,Queens,QN1206,,Hollis,,0.0,3268,14.6,604,2.7,12281,55.0,3458,15.5,1545,6.9,1193,5.3,3671,14.9,658,2.7,11062,45.0,5426,22.1,2158,8.8,1601,6.5,403,12.3,54,8.9,-1219,-9.9,1968,56.9,613,39.7,408,34.2,110.0,144.0,0.0,0.0,QN1206,QN1206,80.0
299,NTA2020,Queens,QN1301,,Glen Oaks-Floral Park-New Hyde Park,,0.0,2082,9.2,10914,48.4,1034,4.6,7576,33.6,274,1.2,691,3.1,2551,10.9,8334,35.7,1161,5.0,10190,43.6,469,2.0,659,2.8,469,22.5,-2580,-23.6,127,12.3,2614,34.5,195,71.2,-32,-4.6,55.0,18.0,0.0,0.0,QN1301,QN1301,7.0
300,NTA2020,Queens,QN1302,,Bellerose,,0.0,4078,16.1,7974,31.5,1882,7.4,9821,38.8,596,2.4,936,3.7,4406,16.6,5430,20.4,2144,8.1,12942,48.7,824,3.1,820,3.1,328,8.0,-2544,-31.9,262,13.9,3121,31.8,228,38.3,-116,-12.4,97.0,24.0,0.0,0.0,QN1302,QN1302,65.0
301,NTA2020,Queens,QN1303,,Queens Village,,0.0,9811,18.6,3385,6.4,25484,48.3,9026,17.1,2587,4.9,2441,4.6,9585,17.6,2456,4.5,22922,42.2,12071,22.2,3968,7.3,3343,6.2,-226,-2.3,-929,-27.4,-2562,-10.1,3045,33.7,1381,53.4,902,37.0,138.0,56.0,0.0,0.0,QN1303,QN1303,100.0
302,NTA2020,Queens,QN1304,,Cambria Heights,,0.0,964,5.2,259,1.4,16862,90.3,157,0.8,110,0.6,325,1.7,1304,6.8,272,1.4,16121,84.5,259,1.4,292,1.5,833,4.4,340,35.3,13,5.0,-741,-4.4,102,65.0,182,165.5,508,156.3,10.0,4.0,0.0,0.0,QN1304,QN1304,5.0
303,NTA2020,Queens,QN1305,,Laurelton,,0.0,1340,5.5,358,1.5,22021,90.1,167,0.7,164,0.7,403,1.6,1939,7.4,350,1.3,21842,83.7,234,0.9,426,1.6,1297,5.0,599,44.7,-8,-2.2,-179,-0.8,67,40.1,262,159.8,894,221.8,101.0,119.0,0.0,0.0,QN1305,QN1305,99.0
304,NTA2020,Queens,QN1306,,Springfield Gardens (South)-Brookville,,0.0,1738,8.6,397,2.0,17056,84.6,385,1.9,172,0.9,422,2.1,2261,9.8,429,1.9,18164,78.6,613,2.7,529,2.3,1107,4.8,523,30.1,32,8.1,1108,6.5,228,59.2,357,207.6,685,162.3,258.0,84.0,42.0,0.0,QN1306,QN1306,252.0
305,NTA2020,Queens,QN1307,,Rosedale,,0.0,2342,9.4,1334,5.3,19995,79.9,556,2.2,324,1.3,474,1.9,2923,10.8,930,3.4,20706,76.4,639,2.4,556,2.1,1347,5.0,581,24.8,-404,-30.3,711,3.6,83,14.9,232,71.6,873,184.2,171.0,37.0,0.0,0.0,QN1307,QN1307,181.0
306,NTA2020,Queens,QN1371,,Montefiore Cemetery,,7.0,0,,0,,1,100.0,0,,0,,0,,0,,0,,0,,0,,0,,0,,0,,0,,-1,-100.0,0,,0,,0,,,,,,,,
307,NTA2020,Queens,QN1401,,Far Rockaway-Bayswater,,0.0,13442,25.0,13100,24.3,24515,45.5,1017,1.9,764,1.4,1023,1.9,15593,26.6,13758,23.5,24218,41.3,1401,2.4,1325,2.3,2353,4.0,2151,16.0,658,5.0,-297,-1.2,384,37.8,561,73.4,1330,130.0,272.0,2925.0,4979.0,0.0,QN1401,QN1401,445.0
308,NTA2020,Queens,QN1402,,Rockaway Beach-Arverne-Edgemere,,0.0,8716,23.9,6171,16.9,19325,53.0,1111,3.0,406,1.1,733,2.0,10471,25.3,6824,16.5,19712,47.7,1756,4.2,798,1.9,1806,4.4,1755,20.1,653,10.6,387,2.0,645,58.1,392,96.6,1073,146.4,553.0,800.0,4189.0,0.0,QN1402,QN1402,1341.0
309,NTA2020,Queens,QN1403,,Breezy Point-Belle Harbor-Rockaway Park-Broad Channel,,0.0,1940,7.9,21175,85.9,823,3.3,427,1.7,79,0.3,194,0.8,2521,10.4,19590,81.2,936,3.9,396,1.6,231,1.0,460,1.9,581,29.9,-1585,-7.5,113,13.7,-31,-7.3,152,192.4,266,137.1,249.0,108.0,2117.0,0.0,QN1403,QN1403,320.0
310,NTA2020,Queens,QN1491,,Rockaway Community Park,,9.0,0,,0,,0,,0,,0,,0,,7,58.3,0,,1,8.3,0,,0,,4,33.3,7,,0,,1,,0,,0,,4,,,,,,,,
311,NTA2020,Queens,QN8081,,LaGuardia Airport,,8.0,0,,0,,0,,0,,0,,0,,0,,0,,0,,0,,0,,0,,0,,0,,0,,0,,0,,0,,,,,,,,
312,NTA2020,Queens,QN8191,,Flushing Meadows-Corona Park,,9.0,20,35.7,14,25.0,16,28.6,6,10.7,0,,0,,17,38.6,3,6.8,13,29.5,3,6.8,3,6.8,5,11.4,-3,-15.0,-11,-78.6,-3,-18.8,-3,-50.0,3,,5,,,,,,,,
313,NTA2020,Queens,QN8291,,Forest Park,,9.0,19,16.8,85,75.2,0,,9,8.0,0,,0,,3,75.0,1,25.0,0,,0,,0,,0,,-16,-84.2,-84,-98.8,0,,-9,-100.0,0,,0,,,,,,,,
314,NTA2020,Queens,QN8381,,John F. Kennedy International Airport,,8.0,0,,0,,0,,0,,0,,0,,0,,0,,1,50.0,0,,0,,1,50.0,0,,0,,1,,0,,0,,1,,,,,,,,
315,NTA2020,Queens,QN8491,,Jamaica Bay (East),,9.0,0,,0,,0,,0,,0,,0,,0,,0,,0,,0,,0,,0,,0,,0,,0,,0,,0,,0,,,,,,,,
316,NTA2020,Queens,QN8492,,Jacob Riis Park-Fort Tilden-Breezy Point Tip,,9.0,4,23.5,13,76.5,0,,0,,0,,0,,1,4.2,17,70.8,5,20.8,0,,1,4.2,0,,-3,-75.0,4,30.8,5,,0,,1,,0,,,,,,,,
317,NTA2020,Staten Island,SI0101,,St. George-New Brighton,,0.0,5744,30.6,4754,25.3,6622,35.3,967,5.2,147,0.8,540,2.9,7049,34.3,4394,21.4,6561,31.9,1471,7.2,278,1.4,796,3.9,1305,22.7,-360,-7.6,-61,-0.9,504,52.1,131,89.1,256,47.4,192.0,290.0,987.0,0.0,SI0101,SI0101,238.0
318,NTA2020,Staten Island,SI0102,,Tompkinsville-Stapleton-Clifton-Fox Hills,,0.0,6211,38.4,3035,18.7,5452,33.7,1061,6.6,129,0.8,304,1.9,7363,38.7,3006,15.8,6031,31.7,1828,9.6,218,1.1,581,3.1,1152,18.5,-29,-1.0,579,10.6,767,72.3,89,69.0,277,91.1,145.0,446.0,439.0,0.0,SI0102,SI0102,953.0
319,NTA2020,Staten Island,SI0103,,Rosebank-Shore Acres-Park Hill,,0.0,5549,23.9,8161,35.1,5651,24.3,3415,14.7,127,0.5,356,1.5,6539,25.6,6988,27.4,5553,21.8,5627,22.1,248,1.0,555,2.2,990,17.8,-1173,-14.4,-98,-1.7,2212,64.8,121,95.3,199,55.9,312.0,222.0,270.0,0.0,SI0103,SI0103,270.0
320,NTA2020,Staten Island,SI0104,,West New Brighton-Silver Lake-Grymes Hill,,0.0,7987,22.5,18653,52.6,5888,16.6,2126,6.0,172,0.5,658,1.9,9771,26.4,16673,45.0,6116,16.5,2975,8.0,358,1.0,1117,3.0,1784,22.3,-1980,-10.6,228,3.9,849,39.9,186,108.1,459,69.8,283.0,80.0,353.0,0.0,SI0104,SI0104,92.0
321,NTA2020,Staten Island,SI0105,,Westerleigh-Castleton Corners,,0.0,3863,13.0,22605,75.8,722,2.4,2060,6.9,94,0.3,472,1.6,5231,16.6,20885,66.4,855,2.7,3505,11.1,200,0.6,782,2.5,1368,35.4,-1720,-7.6,133,18.4,1445,70.1,106,112.8,310,65.7,207.0,78.0,53.0,0.0,SI0105,SI0105,155.0
322,NTA2020,Staten Island,SI0106,,Port Richmond,,0.0,9657,46.5,4904,23.6,4830,23.3,784,3.8,141,0.7,438,2.1,11091,49.1,3989,17.6,5124,22.7,1567,6.9,240,1.1,598,2.6,1434,14.8,-915,-18.7,294,6.1,783,99.9,99,70.2,160,36.5,199.0,140.0,0.0,0.0,SI0106,SI0106,217.0
323,NTA2020,Staten Island,SI0107,,Mariner's Harbor-Arlington-Graniteville,,0.0,11042,35.1,7412,23.5,9455,30.0,2698,8.6,176,0.6,691,2.2,11910,35.6,6618,19.8,9853,29.4,3659,10.9,453,1.4,999,3.0,868,7.9,-794,-10.7,398,4.2,961,35.6,277,157.4,308,44.6,245.0,71.0,22.0,0.0,SI0107,SI0107,215.0
324,NTA2020,Staten Island,SI0191,,Snug Harbor,,9.0,2,66.7,1,33.3,0,,0,,0,,0,,1,12.5,7,87.5,0,,0,,0,,0,,-1,-50.0,6,600.0,0,,0,,0,,0,,,,,,,,
325,NTA2020,Staten Island,SI0201,,Grasmere-Arrochar-South Beach-Dongan Hills,,0.0,5400,15.7,23827,69.2,1412,4.1,3109,9.0,149,0.4,528,1.5,6039,16.7,20914,57.7,1828,5.0,6499,17.9,241,0.7,738,2.0,639,11.8,-2913,-12.2,416,29.5,3390,109.0,92,61.7,210,39.8,462.0,177.0,0.0,0.0,SI0201,SI0201,359.0
326,NTA2020,Staten Island,SI0202,,New Dorp-Midland Beach,,0.0,3669,13.3,21665,78.4,307,1.1,1615,5.8,84,0.3,283,1.0,4221,14.5,19149,65.8,432,1.5,4507,15.5,250,0.9,524,1.8,552,15.0,-2516,-11.6,125,40.7,2892,179.1,166,197.6,241,85.2,605.0,120.0,0.0,0.0,SI0202,SI0202,269.0
327,NTA2020,Staten Island,SI0203,,Todt Hill-Emerson Hill-Lighthouse Hill-Manor Heights,,0.0,3087,10.0,20602,66.8,1297,4.2,5191,16.8,160,0.5,514,1.7,3420,10.4,20597,62.8,1348,4.1,6486,19.8,284,0.9,687,2.1,333,10.8,-5,0.0,51,3.9,1295,24.9,124,77.5,173,33.7,413.0,311.0,374.0,0.0,SI0203,SI0203,337.0
328,NTA2020,Staten Island,SI0204,,New Springville-Willowbrook-Bulls Head-Travis,,0.0,5282,13.4,27414,69.7,936,2.4,5049,12.8,125,0.3,504,1.3,6537,15.2,25502,59.5,1295,3.0,8401,19.6,275,0.6,861,2.0,1255,23.8,-1912,-7.0,359,38.4,3352,66.4,150,120.0,357,70.8,455.0,240.0,517.0,0.0,SI0204,SI0204,457.0
329,NTA2020,Staten Island,SI0291,,Freshkills Park (North),,9.0,16,30.2,33,62.3,0,,4,7.5,0,,0,,6,40.0,4,26.7,3,20.0,0,,0,,2,13.3,-10,-62.5,-29,-87.9,3,,-4,-100.0,0,,2,,,,,,,,
330,NTA2020,Staten Island,SI0301,,Oakwood-Richmondtown,,0.0,2209,10.0,18416,83.5,282,1.3,905,4.1,40,0.2,197,0.9,2523,11.3,16322,72.9,581,2.6,2366,10.6,137,0.6,459,2.1,314,14.2,-2094,-11.4,299,106.0,1461,161.4,97,242.5,262,133.0,173.0,40.0,10.0,0.0,SI0301,SI0301,11.0
331,NTA2020,Staten Island,SI0302,,Great Kills-Eltingville,,0.0,4096,7.7,46248,87.5,224,0.4,1763,3.3,119,0.2,418,0.8,5571,10.2,43582,79.7,316,0.6,4076,7.5,237,0.4,917,1.7,1475,36.0,-2666,-5.8,92,41.1,2313,131.2,118,99.2,499,119.4,721.0,216.0,442.0,0.0,SI0302,SI0302,407.0
332,NTA2020,Staten Island,SI0303,,Arden Heights-Rossville,,0.0,3004,10.0,24185,80.8,404,1.4,1988,6.6,59,0.2,276,0.9,3945,12.9,22611,73.7,457,1.5,2934,9.6,149,0.5,587,1.9,941,31.3,-1574,-6.5,53,13.1,946,47.6,90,152.5,311,112.7,356.0,42.0,313.0,0.0,SI0303,SI0303,320.0
333,NTA2020,Staten Island,SI0304,,Annadale-Huguenot-Prince's Bay-Woodrow,,0.0,2469,6.5,33599,88.0,224,0.6,1518,4.0,68,0.2,282,0.7,3655,9.0,33263,82.1,299,0.7,2372,5.9,206,0.5,739,1.8,1186,48.0,-336,-1.0,75,33.5,854,56.3,138,202.9,457,162.1,1608.0,326.0,1513.0,0.0,SI0304,SI0304,1295.0
334,NTA2020,Staten Island,SI0305,,Tottenville-Charleston,,0.0,1553,9.2,14142,83.9,532,3.2,423,2.5,55,0.3,155,0.9,1891,11.8,13186,82.0,136,0.8,439,2.7,109,0.7,328,2.0,338,21.8,-956,-6.8,-396,-74.4,16,3.8,54,98.2,173,111.6,668.0,214.0,808.0,41.0,SI0305,SI0305,317.0
335,NTA2020,Staten Island,SI0391,,Freshkills Park (South),,9.0,44,45.4,38,39.2,0,,15,15.5,0,,0,,35,36.8,31,32.6,2,2.1,19,20.0,1,1.1,7,7.4,-9,-20.5,-7,-18.4,2,,4,26.7,1,,7,,2.0,0.0,2.0,0.0,SI0391,SI0391,
336,NTA2020,Staten Island,SI9561,,Fort Wadsworth,,6.0,157,21.5,463,63.3,68,9.3,6,0.8,14,1.9,23,3.1,154,31.1,238,48.1,40,8.1,15,3.0,9,1.8,39,7.9,-3,-1.9,-225,-48.6,-28,-41.2,9,150.0,-5,-35.7,16,69.6,,,,,,,
337,NTA2020,Staten Island,SI9591,,Hoffman & Swinburne Islands,,9.0,0,,0,,0,,0,,0,,0,,0,,0,,0,,0,,0,,0,,0,,0,,0,,0,,0,,0,,,,,,,,
338,NTA2020,Staten Island,SI9592,,Miller Field,,9.0,10,32.3,12,38.7,7,22.6,0,,1,3.2,1,3.2,8,17.4,19,41.3,5,10.9,7,15.2,6,13.0,1,2.2,-2,-20.0,7,58.3,-2,-28.6,7,,5,500.0,0,0.0,,,,,,,
339,NTA2020,Staten Island,SI9593,,Great Kills Park,,9.0,0,,0,,0,,0,,0,,0,,0,,3,60.0,0,,0,,1,20.0,1,20.0,0,,3,,0,,0,,1,,1,,,,,,,,
